Patient ID,Mutation Count,Overall Survival Status,Cancer Type,Sex,total_segments,mean_seg_mean,gain_segments,loss_segments,frac_gain,frac_loss
TCGA-AR-A0TX,247,0:LIVING,Invasive Breast Carcinoma,Female,320,0.4638925,187,60,0.584375,0.1875
TCGA-AR-A0TY,55,1:DECEASED,Invasive Breast Carcinoma,Female,461,0.165283514,197,130,0.427331887,0.281995662
TCGA-AR-A0TZ,47,1:DECEASED,Invasive Breast Carcinoma,Female,288,-0.092612847,158,99,0.548611111,0.34375
TCGA-AR-A0U0,29,0:LIVING,Invasive Breast Carcinoma,Female,205,-0.099760976,58,61,0.282926829,0.297560976
TCGA-AR-A0U1,73,0:LIVING,Invasive Breast Carcinoma,Female,397,-0.026986902,119,111,0.299748111,0.279596977
TCGA-AR-A0U2,42,1:DECEASED,Invasive Breast Carcinoma,Female,317,0.082182965,135,98,0.425867508,0.309148265
TCGA-AR-A0U3,28,0:LIVING,Invasive Breast Carcinoma,Female,475,0.090194947,210,161,0.442105263,0.338947368
TCGA-AR-A0U4,0,0:LIVING,Invasive Breast Carcinoma,Female,495,0.176845253,227,81,0.458585859,0.163636364
TCGA-AR-A1AH,72,0:LIVING,Invasive Breast Carcinoma,Female,458,0.3224869,316,102,0.689956332,0.222707424
TCGA-AR-A1AI,59,0:LIVING,Invasive Breast Carcinoma,Female,574,-0.031163415,169,172,0.294425087,0.299651568
TCGA-AR-A1AJ,31,0:LIVING,Invasive Breast Carcinoma,Female,191,0.063942932,57,18,0.298429319,0.094240838
TCGA-AR-A1AK,49,0:LIVING,Invasive Breast Carcinoma,Female,217,-0.086840553,56,52,0.258064516,0.239631336
TCGA-AR-A1AL,22,0:LIVING,Invasive Breast Carcinoma,Female,73,-0.139741096,14,19,0.191780822,0.260273973
TCGA-AR-A1AM,0,0:LIVING,Invasive Breast Carcinoma,Female,92,-0.197427174,9,26,0.097826087,0.282608696
TCGA-AR-A1AN,22,0:LIVING,Invasive Breast Carcinoma,Female,412,0.06231699,125,98,0.303398058,0.237864078
TCGA-AR-A1AO,61,0:LIVING,Invasive Breast Carcinoma,Female,179,-0.06716257,5,19,0.027932961,0.106145251
TCGA-AR-A1AP,25,0:LIVING,Invasive Breast Carcinoma,Female,345,0.144966377,114,59,0.330434783,0.171014493
TCGA-AR-A1AQ,34,0:LIVING,Invasive Breast Carcinoma,Female,284,0.027371831,107,72,0.376760563,0.253521127
TCGA-AR-A1AR,38,1:DECEASED,Invasive Breast Carcinoma,Female,370,-0.037357297,77,142,0.208108108,0.383783784
TCGA-AR-A1AS,30,0:LIVING,Invasive Breast Carcinoma,Female,112,-0.121938393,35,25,0.3125,0.223214286
TCGA-AR-A1AU,17,0:LIVING,Invasive Breast Carcinoma,Female,288,-0.002268056,97,82,0.336805556,0.284722222
TCGA-AR-A1AV,35,0:LIVING,Invasive Breast Carcinoma,Male,187,0.023154545,53,23,0.28342246,0.122994652
TCGA-AR-A1AW,28,0:LIVING,Invasive Breast Carcinoma,Female,156,0.032902564,47,17,0.301282051,0.108974359
TCGA-AR-A1AX,19,0:LIVING,Invasive Breast Carcinoma,Female,90,-0.191438889,12,14,0.133333333,0.155555556
TCGA-AR-A1AY,44,0:LIVING,Invasive Breast Carcinoma,Female,438,0.091089269,172,100,0.392694064,0.228310502
TCGA-AR-A24H,119,0:LIVING,Invasive Breast Carcinoma,Female,570,-0.067672632,195,135,0.342105263,0.236842105
TCGA-AR-A24K,23,0:LIVING,Invasive Breast Carcinoma,Female,283,-0.016728975,71,80,0.250883392,0.282685512
TCGA-AR-A24L,34,1:DECEASED,Invasive Breast Carcinoma,Female,209,-0.009539234,47,64,0.224880383,0.306220096
TCGA-AR-A24M,11,0:LIVING,Invasive Breast Carcinoma,Female,86,-0.009796512,25,15,0.290697674,0.174418605
TCGA-AR-A24N,30,0:LIVING,Invasive Breast Carcinoma,Female,69,-0.204310145,11,17,0.15942029,0.246376812
TCGA-AR-A24O,17,0:LIVING,Invasive Breast Carcinoma,Female,80,-0.2553175,2,21,0.025,0.2625
TCGA-AR-A24P,17,0:LIVING,Invasive Breast Carcinoma,Female,46,-0.391758696,3,16,0.065217391,0.347826087
TCGA-AR-A24Q,133,0:LIVING,Invasive Breast Carcinoma,Female,424,-0.038570047,173,128,0.408018868,0.301886792
TCGA-AR-A24R,17,0:LIVING,Invasive Breast Carcinoma,Female,274,0.301519343,142,67,0.518248175,0.244525547
TCGA-AR-A24S,35,0:LIVING,Invasive Breast Carcinoma,Female,313,0.086588818,100,55,0.319488818,0.17571885
TCGA-AR-A24T,21,0:LIVING,Invasive Breast Carcinoma,Female,78,-0.237126923,4,30,0.051282051,0.384615385
TCGA-AR-A24U,33,0:LIVING,Invasive Breast Carcinoma,Female,320,0.225779063,143,47,0.446875,0.146875
TCGA-AR-A24V,16,0:LIVING,Invasive Breast Carcinoma,Female,175,0.064367429,68,42,0.388571429,0.24
TCGA-AR-A24W,12,0:LIVING,Invasive Breast Carcinoma,Female,122,-0.098504098,9,13,0.073770492,0.106557377
TCGA-AR-A24X,20,0:LIVING,Invasive Breast Carcinoma,Female,89,-0.481998876,8,28,0.08988764,0.314606742
TCGA-AR-A24Z,35,0:LIVING,Invasive Breast Carcinoma,Female,863,0.027877173,395,212,0.457705678,0.245654693
TCGA-AR-A250,85,0:LIVING,Invasive Breast Carcinoma,Female,428,0.178325467,202,73,0.471962617,0.170560748
TCGA-AR-A251,144,0:LIVING,Invasive Breast Carcinoma,Female,884,-0.019052828,326,279,0.368778281,0.31561086
TCGA-AR-A252,8,0:LIVING,Invasive Breast Carcinoma,Female,183,0.301579781,83,13,0.453551913,0.071038251
TCGA-AR-A254,29,0:LIVING,Invasive Breast Carcinoma,Female,400,0.38948225,216,61,0.54,0.1525
TCGA-AR-A255,46,0:LIVING,Invasive Breast Carcinoma,Female,329,-0.093716413,99,118,0.300911854,0.358662614
TCGA-AR-A256,151,1:DECEASED,Invasive Breast Carcinoma,Female,925,-0.033330054,430,285,0.464864865,0.308108108
TCGA-AR-A2LE,227,0:LIVING,Invasive Breast Carcinoma,Female,86,-0.061676744,10,14,0.11627907,0.162790698
TCGA-AR-A2LH,49,1:DECEASED,Invasive Breast Carcinoma,Female,35,-0.099708571,0,2,0,0.057142857
TCGA-AR-A2LJ,0,0:LIVING,Invasive Breast Carcinoma,Female,134,0.25399403,42,34,0.313432836,0.253731343
TCGA-AR-A2LK,30,1:DECEASED,Invasive Breast Carcinoma,Female,113,0.106219469,38,49,0.336283186,0.433628319
TCGA-AR-A2LL,27,0:LIVING,Invasive Breast Carcinoma,Female,250,0.0171928,80,68,0.32,0.272
TCGA-AR-A2LM,12,0:LIVING,Invasive Breast Carcinoma,Female,97,0.246292784,28,23,0.288659794,0.237113402
TCGA-AR-A2LN,27,0:LIVING,Invasive Breast Carcinoma,Female,125,0.1131168,37,22,0.296,0.176
TCGA-AR-A2LO,13,0:LIVING,Invasive Breast Carcinoma,Female,89,-0.124686517,17,18,0.191011236,0.202247191
TCGA-AR-A2LQ,6,0:LIVING,Invasive Breast Carcinoma,Female,67,-0.204064179,1,10,0.014925373,0.149253731
TCGA-AR-A2LR,47,0:LIVING,Invasive Breast Carcinoma,Female,823,0.16651531,452,151,0.549210207,0.183475091
TCGA-AR-A5QM,22,0:LIVING,Invasive Breast Carcinoma,Female,108,-0.198059259,20,23,0.185185185,0.212962963
TCGA-AR-A5QN,27,0:LIVING,Invasive Breast Carcinoma,Female,137,0.091747445,30,36,0.218978102,0.262773723
TCGA-AR-A5QP,20,0:LIVING,Invasive Breast Carcinoma,Female,102,-0.336552941,19,29,0.18627451,0.284313725
TCGA-AR-A5QQ,56,1:DECEASED,Invasive Breast Carcinoma,Female,87,-0.11946092,8,13,0.091954023,0.149425287
TCGA-B6-A0I1,0,1:DECEASED,Invasive Breast Carcinoma,Female,356,0.098385393,164,70,0.460674157,0.196629213
TCGA-B6-A0I2,44,0:LIVING,Invasive Breast Carcinoma,Female,193,-0.00877772,88,79,0.455958549,0.409326425
TCGA-B6-A0I5,18,0:LIVING,Invasive Breast Carcinoma,Female,58,-0.272746552,14,15,0.24137931,0.25862069
TCGA-B6-A0I6,80,1:DECEASED,Invasive Breast Carcinoma,Female,2980,-0.416318557,922,1698,0.309395973,0.569798658
TCGA-B6-A0I8,88,1:DECEASED,Invasive Breast Carcinoma,Female,7635,-0.424383274,1654,3935,0.216633923,0.515389653
TCGA-B6-A0I9,57,1:DECEASED,Invasive Breast Carcinoma,Female,767,0.183310691,340,211,0.443285528,0.275097784
TCGA-B6-A0IA,18,0:LIVING,Invasive Breast Carcinoma,Female,243,-0.067610288,65,56,0.267489712,0.230452675
TCGA-B6-A0IB,56,1:DECEASED,Invasive Breast Carcinoma,Female,136,-0.150990441,55,45,0.404411765,0.330882353
TCGA-B6-A0IC,29,1:DECEASED,Invasive Breast Carcinoma,Female,100,0.011526,35,22,0.35,0.22
TCGA-B6-A0IE,26,1:DECEASED,Invasive Breast Carcinoma,Female,487,-0.17721807,116,181,0.238193018,0.371663244
TCGA-B6-A0IG,0,1:DECEASED,Invasive Breast Carcinoma,Female,842,-0.184809501,128,377,0.152019002,0.447743468
TCGA-B6-A0IH,35,1:DECEASED,Invasive Breast Carcinoma,Female,121,-0.315439669,19,44,0.157024793,0.363636364
TCGA-B6-A0IJ,123,0:LIVING,Invasive Breast Carcinoma,Female,622,0.061647428,263,168,0.422829582,0.270096463
TCGA-B6-A0IK,96,1:DECEASED,Invasive Breast Carcinoma,Female,292,0.114554795,91,70,0.311643836,0.239726027
TCGA-B6-A0IM,24,1:DECEASED,Invasive Breast Carcinoma,Female,266,-0.156936842,70,59,0.263157895,0.221804511
TCGA-B6-A0IN,24,1:DECEASED,Invasive Breast Carcinoma,Female,450,0.20494,229,73,0.508888889,0.162222222
TCGA-B6-A0IO,0,0:LIVING,Invasive Breast Carcinoma,Female,357,-0.044832773,107,109,0.299719888,0.305322129
TCGA-B6-A0IP,0,1:DECEASED,Invasive Breast Carcinoma,Female,81,-0.211522222,7,18,0.086419753,0.222222222
TCGA-B6-A0IQ,0,0:LIVING,Invasive Breast Carcinoma,Female,592,0.046308446,225,169,0.380067568,0.285472973
TCGA-B6-A0RE,126,0:LIVING,Invasive Breast Carcinoma,Female,587,-0.054583305,186,195,0.316865417,0.332197615
TCGA-B6-A0RG,54,0:LIVING,Invasive Breast Carcinoma,Female,389,-0.071776093,98,93,0.251928021,0.23907455
TCGA-B6-A0RH,29,1:DECEASED,Invasive Breast Carcinoma,Female,296,-0.101387838,94,74,0.317567568,0.25
TCGA-B6-A0RI,14,0:LIVING,Invasive Breast Carcinoma,Female,97,-0.259180412,7,29,0.072164948,0.298969072
TCGA-B6-A0RL,43,1:DECEASED,Invasive Breast Carcinoma,Female,366,-0.006749454,128,112,0.349726776,0.306010929
TCGA-B6-A0RM,22,1:DECEASED,Invasive Breast Carcinoma,Female,156,-0.208898077,29,44,0.185897436,0.282051282
TCGA-B6-A0RN,23,0:LIVING,Invasive Breast Carcinoma,Female,122,-0.248666393,11,28,0.090163934,0.229508197
TCGA-B6-A0RO,29,0:LIVING,Invasive Breast Carcinoma,Female,141,-0.217483688,29,46,0.205673759,0.326241135
TCGA-B6-A0RP,20,1:DECEASED,Invasive Breast Carcinoma,Female,110,-0.239671818,24,47,0.218181818,0.427272727
TCGA-B6-A0RQ,35,1:DECEASED,Invasive Breast Carcinoma,Female,65,-0.323387692,3,17,0.046153846,0.261538462
TCGA-B6-A0RS,118,1:DECEASED,Invasive Breast Carcinoma,Female,576,-0.037719097,202,142,0.350694444,0.246527778
TCGA-B6-A0RT,45,0:LIVING,Invasive Breast Carcinoma,Female,356,-0.028203933,39,28,0.109550562,0.078651685
TCGA-B6-A0RU,37,0:LIVING,Invasive Breast Carcinoma,Female,212,-0.066927358,65,59,0.306603774,0.278301887
TCGA-B6-A0RV,30,0:LIVING,Invasive Breast Carcinoma,Female,314,0.062171019,95,66,0.302547771,0.210191083
TCGA-B6-A0WS,15,1:DECEASED,Invasive Breast Carcinoma,Female,181,-0.034478453,69,56,0.38121547,0.309392265
TCGA-B6-A0WT,14,0:LIVING,Invasive Breast Carcinoma,Female,103,0.306082524,39,14,0.378640777,0.13592233
TCGA-B6-A0WV,26,1:DECEASED,Invasive Breast Carcinoma,Female,203,-0.214093103,54,76,0.266009852,0.374384236
TCGA-B6-A0WW,30,1:DECEASED,Invasive Breast Carcinoma,Female,271,-0.008466421,64,84,0.236162362,0.3099631
TCGA-B6-A0WX,25,1:DECEASED,Invasive Breast Carcinoma,Female,244,-0.023865164,78,86,0.319672131,0.352459016
TCGA-B6-A0WY,22,1:DECEASED,Invasive Breast Carcinoma,Female,176,-0.045736364,39,26,0.221590909,0.147727273
TCGA-B6-A0WZ,50,0:LIVING,Invasive Breast Carcinoma,Female,62,-0.151645161,14,11,0.225806452,0.177419355
TCGA-B6-A0X0,14,1:DECEASED,Invasive Breast Carcinoma,Female,61,-0.414867213,10,20,0.163934426,0.327868852
TCGA-B6-A0X1,63,1:DECEASED,Invasive Breast Carcinoma,Female,722,0.044818144,386,239,0.534626039,0.331024931
TCGA-B6-A0X4,17,1:DECEASED,Invasive Breast Carcinoma,Female,56,-0.216601786,4,12,0.071428571,0.214285714
TCGA-B6-A0X5,31,1:DECEASED,Invasive Breast Carcinoma,Female,246,-0.296585772,8,63,0.032520325,0.256097561
TCGA-B6-A0X7,0,1:DECEASED,Invasive Breast Carcinoma,Female,125,-0.38152,27,47,0.216,0.376
TCGA-B6-A1KC,0,0:LIVING,Invasive Breast Carcinoma,Female,225,-0.055677333,85,68,0.377777778,0.302222222
TCGA-B6-A1KF,43,0:LIVING,Invasive Breast Carcinoma,Female,254,0.010451575,112,79,0.440944882,0.311023622
TCGA-B6-A1KI,15,0:LIVING,Invasive Breast Carcinoma,Female,208,-0.113696635,27,44,0.129807692,0.211538462
TCGA-B6-A1KN,51,0:LIVING,Invasive Breast Carcinoma,Female,484,0.23092376,195,103,0.402892562,0.212809917
TCGA-B6-A2IU,35,0:LIVING,Invasive Breast Carcinoma,Female,254,-0.057806299,45,45,0.177165354,0.177165354
TCGA-B6-A3ZX,0,1:DECEASED,Invasive Breast Carcinoma,Female,228,-0.067110965,41,22,0.179824561,0.096491228
TCGA-B6-A400,0,0:LIVING,Invasive Breast Carcinoma,Female,413,-0.078359322,144,92,0.348668281,0.222760291
TCGA-B6-A401,19,0:LIVING,Invasive Breast Carcinoma,Female,131,0.119777099,56,26,0.427480916,0.198473282
TCGA-B6-A402,0,0:LIVING,Invasive Breast Carcinoma,Female,505,0.019455248,196,123,0.388118812,0.243564356
TCGA-B6-A408,0,0:LIVING,Invasive Breast Carcinoma,Female,194,-0.061862887,68,71,0.350515464,0.365979381
TCGA-B6-A409,24,1:DECEASED,Invasive Breast Carcinoma,Female,322,-0.154945963,83,127,0.257763975,0.394409938
TCGA-B6-A40B,0,0:LIVING,Invasive Breast Carcinoma,Female,140,-0.209021429,19,42,0.135714286,0.3
TCGA-B6-A40C,26,0:LIVING,Invasive Breast Carcinoma,Female,134,-0.157943284,18,30,0.134328358,0.223880597
TCGA-BH-A0AU,15,0:LIVING,Invasive Breast Carcinoma,Female,283,0.078648763,131,83,0.462897527,0.293286219
TCGA-BH-A0AV,50,0:LIVING,Invasive Breast Carcinoma,Female,380,-0.035698421,132,131,0.347368421,0.344736842
TCGA-BH-A0AW,122,0:LIVING,Invasive Breast Carcinoma,Female,437,0.075156293,119,120,0.272311213,0.274599542
TCGA-BH-A0AY,37,0:LIVING,Invasive Breast Carcinoma,Female,241,-0.054339834,49,59,0.203319502,0.244813278
TCGA-BH-A0AZ,46,0:LIVING,Invasive Breast Carcinoma,Female,224,-0.118104911,48,66,0.214285714,0.294642857
TCGA-BH-A0B0,46,0:LIVING,Invasive Breast Carcinoma,Female,55,-0.280190909,4,25,0.072727273,0.454545455
TCGA-BH-A0B1,40,0:LIVING,Invasive Breast Carcinoma,Female,2285,-0.378609015,303,1144,0.132603939,0.500656455
TCGA-BH-A0B3,33,0:LIVING,Invasive Breast Carcinoma,Female,458,-0.038541266,142,88,0.310043668,0.192139738
TCGA-BH-A0B4,62,0:LIVING,Invasive Breast Carcinoma,Male,342,-0.113111111,82,99,0.239766082,0.289473684
TCGA-BH-A0B5,51,0:LIVING,Invasive Breast Carcinoma,Female,171,-0.143406433,45,37,0.263157895,0.216374269
TCGA-BH-A0B6,582,0:LIVING,Invasive Breast Carcinoma,Female,367,0.006550681,89,71,0.242506812,0.19346049
TCGA-BH-A0B7,27,0:LIVING,Invasive Breast Carcinoma,Female,458,0.036752402,108,59,0.23580786,0.128820961
TCGA-BH-A0B8,45,0:LIVING,Invasive Breast Carcinoma,Female,2666,1.142034696,1786,605,0.669917479,0.226931733
TCGA-BH-A0B9,31,0:LIVING,Invasive Breast Carcinoma,Female,612,0.142434641,231,117,0.37745098,0.191176471
TCGA-BH-A0BA,30,0:LIVING,Invasive Breast Carcinoma,Female,646,0.026407121,272,198,0.421052632,0.306501548
TCGA-BH-A0BC,23,0:LIVING,Invasive Breast Carcinoma,Female,139,-0.0983,36,43,0.258992806,0.309352518
TCGA-BH-A0BD,19,0:LIVING,Invasive Breast Carcinoma,Female,123,0.024826829,35,37,0.284552846,0.300813008
TCGA-BH-A0BF,21,1:DECEASED,Invasive Breast Carcinoma,Female,219,-0.076175799,53,68,0.242009132,0.310502283
TCGA-BH-A0BG,0,0:LIVING,Invasive Breast Carcinoma,Female,166,-0.138135542,56,54,0.337349398,0.325301205
TCGA-BH-A0BJ,22,0:LIVING,Invasive Breast Carcinoma,Female,89,-0.143864045,18,32,0.202247191,0.359550562
TCGA-BH-A0BL,50,0:LIVING,Invasive Breast Carcinoma,Female,430,-0.053631628,127,101,0.295348837,0.234883721
TCGA-BH-A0BM,16,0:LIVING,Invasive Breast Carcinoma,Female,53,-0.265158491,3,15,0.056603774,0.283018868
TCGA-BH-A0BO,23,0:LIVING,Invasive Breast Carcinoma,Female,45,-0.213442222,4,8,0.088888889,0.177777778
TCGA-BH-A0BP,113,1:DECEASED,Invasive Breast Carcinoma,Female,864,0.037034722,379,254,0.438657407,0.293981481
TCGA-BH-A0BQ,19,0:LIVING,Invasive Breast Carcinoma,Female,71,-0.512609859,2,27,0.028169014,0.38028169
TCGA-BH-A0BR,39,0:LIVING,Invasive Breast Carcinoma,Female,429,0.235260839,200,113,0.466200466,0.263403263
TCGA-BH-A0BS,11,0:LIVING,Invasive Breast Carcinoma,Female,86,-0.273395349,11,26,0.127906977,0.302325581
TCGA-BH-A0BT,30,0:LIVING,Invasive Breast Carcinoma,Female,221,-0.142104525,87,55,0.393665158,0.248868778
TCGA-BH-A0BV,23,0:LIVING,Invasive Breast Carcinoma,Female,163,-0.091642945,26,50,0.159509202,0.306748466
TCGA-BH-A0BW,65,0:LIVING,Invasive Breast Carcinoma,Female,233,-0.191599571,44,95,0.188841202,0.407725322
TCGA-BH-A0BZ,210,0:LIVING,Invasive Breast Carcinoma,Female,213,-0.354744131,33,51,0.154929577,0.23943662
TCGA-BH-A0C0,84,0:LIVING,Invasive Breast Carcinoma,Female,520,-0.030872692,135,93,0.259615385,0.178846154
TCGA-BH-A0C3,10,0:LIVING,Invasive Breast Carcinoma,Female,97,0.31561134,34,15,0.350515464,0.154639175
TCGA-BH-A0DD,13,0:LIVING,Invasive Breast Carcinoma,Male,777,-0.01213668,278,116,0.357786358,0.149292149
TCGA-BH-A0DE,25,0:LIVING,Invasive Breast Carcinoma,Female,101,-0.178149505,10,32,0.099009901,0.316831683
TCGA-BH-A0DG,29,0:LIVING,Invasive Breast Carcinoma,Female,389,0.102086375,169,96,0.434447301,0.246786632
TCGA-BH-A0DH,34,0:LIVING,Invasive Breast Carcinoma,Female,111,-0.129186486,12,34,0.108108108,0.306306306
TCGA-BH-A0DI,32,0:LIVING,Invasive Breast Carcinoma,Female,358,0.169863408,163,82,0.455307263,0.229050279
TCGA-BH-A0DK,76,0:LIVING,Invasive Breast Carcinoma,Female,213,-0.073785446,49,62,0.230046948,0.291079812
TCGA-BH-A0DL,43,0:LIVING,Invasive Breast Carcinoma,Female,188,-0.067355851,52,45,0.276595745,0.239361702
TCGA-BH-A0DO,20,0:LIVING,Invasive Breast Carcinoma,Female,93,-0.212465591,15,24,0.161290323,0.258064516
TCGA-BH-A0DP,20,0:LIVING,Invasive Breast Carcinoma,Female,54,-0.24035,4,20,0.074074074,0.37037037
TCGA-BH-A0DQ,30,0:LIVING,Invasive Breast Carcinoma,Female,341,-0.150960704,61,90,0.17888563,0.263929619
TCGA-BH-A0DS,29,0:LIVING,Invasive Breast Carcinoma,Female,190,-0.043262632,46,40,0.242105263,0.210526316
TCGA-BH-A0DT,14,0:LIVING,Invasive Breast Carcinoma,Female,51,-0.277160784,10,12,0.196078431,0.235294118
TCGA-BH-A0DV,10,0:LIVING,Invasive Breast Carcinoma,Female,49,0.157538776,9,5,0.183673469,0.102040816
TCGA-BH-A0DX,56,0:LIVING,Invasive Breast Carcinoma,Female,200,0.001262,68,40,0.34,0.2
TCGA-BH-A0DZ,193,0:LIVING,Invasive Breast Carcinoma,Female,271,0.361669004,124,49,0.457564576,0.180811808
TCGA-BH-A0E0,28,0:LIVING,Invasive Breast Carcinoma,Female,215,-0.075686512,84,92,0.390697674,0.427906977
TCGA-BH-A0E1,22,0:LIVING,Invasive Breast Carcinoma,Female,112,-0.405696429,7,32,0.0625,0.285714286
TCGA-BH-A0E2,34,0:LIVING,Invasive Breast Carcinoma,Female,733,0.031000546,195,181,0.266030014,0.246930423
TCGA-BH-A0E6,0,0:LIVING,Invasive Breast Carcinoma,Female,253,-0.190405534,69,107,0.272727273,0.422924901
TCGA-BH-A0E7,32,0:LIVING,Invasive Breast Carcinoma,Female,97,-0.2516,10,25,0.103092784,0.257731959
TCGA-BH-A0E9,25,0:LIVING,Invasive Breast Carcinoma,Female,98,-0.142546939,5,30,0.051020408,0.306122449
TCGA-BH-A0EA,22,1:DECEASED,Invasive Breast Carcinoma,Female,59,-0.355481356,3,18,0.050847458,0.305084746
TCGA-BH-A0EB,33,0:LIVING,Invasive Breast Carcinoma,Female,112,-0.209908929,22,27,0.196428571,0.241071429
TCGA-BH-A0EE,99,0:LIVING,Invasive Breast Carcinoma,Female,330,0.06121,134,100,0.406060606,0.303030303
TCGA-BH-A0EI,15,0:LIVING,Invasive Breast Carcinoma,Female,120,-0.289849167,30,48,0.25,0.4
TCGA-BH-A0GY,31,0:LIVING,Invasive Breast Carcinoma,Female,247,0.158537652,103,54,0.417004049,0.218623482
TCGA-BH-A0GZ,27,0:LIVING,Invasive Breast Carcinoma,Female,198,-0.159318182,21,75,0.106060606,0.378787879
TCGA-BH-A0H0,13,0:LIVING,Invasive Breast Carcinoma,Female,130,-0.184718462,24,45,0.184615385,0.346153846
TCGA-BH-A0H3,13,0:LIVING,Invasive Breast Carcinoma,Female,66,-0.310343939,8,19,0.121212121,0.287878788
TCGA-BH-A0H5,0,0:LIVING,Invasive Breast Carcinoma,Female,63,-0.573603175,1,18,0.015873016,0.285714286
TCGA-BH-A0H6,16,0:LIVING,Invasive Breast Carcinoma,Female,149,-0.113355705,21,27,0.140939597,0.181208054
TCGA-BH-A0H7,44,0:LIVING,Invasive Breast Carcinoma,Female,763,0.036038401,278,219,0.364351245,0.287024902
TCGA-BH-A0H9,35,0:LIVING,Invasive Breast Carcinoma,Female,311,0.379061415,158,74,0.508038585,0.237942122
TCGA-BH-A0HA,294,0:LIVING,Invasive Breast Carcinoma,Female,82,-0.288532927,4,27,0.048780488,0.329268293
TCGA-BH-A0HB,25,0:LIVING,Invasive Breast Carcinoma,Female,768,0.184749609,329,154,0.428385417,0.200520833
TCGA-BH-A0HF,745,0:LIVING,Invasive Breast Carcinoma,Female,2270,1.283149383,1080,133,0.475770925,0.058590308
TCGA-BH-A0HI,25,0:LIVING,Invasive Breast Carcinoma,Female,100,-0.299636,5,34,0.05,0.34
TCGA-BH-A0HK,77,0:LIVING,Invasive Breast Carcinoma,Female,206,-0.052385437,23,28,0.111650485,0.13592233
TCGA-BH-A0HL,22,0:LIVING,Invasive Breast Carcinoma,Female,6407,-0.294221742,759,2939,0.11846418,0.458717028
TCGA-BH-A0HN,22,0:LIVING,Invasive Breast Carcinoma,Female,8088,-0.3197932,1728,3623,0.213649852,0.447947577
TCGA-BH-A0HO,13,0:LIVING,Invasive Breast Carcinoma,Female,87,-0.25843908,5,26,0.057471264,0.298850575
TCGA-BH-A0HP,210,0:LIVING,Invasive Breast Carcinoma,Female,152,-0.196017763,26,53,0.171052632,0.348684211
TCGA-BH-A0HQ,27,0:LIVING,Invasive Breast Carcinoma,Female,1702,1.308098472,903,91,0.530552291,0.05346651
TCGA-BH-A0HU,29,0:LIVING,Invasive Breast Carcinoma,Female,195,0.054357436,65,52,0.333333333,0.266666667
TCGA-BH-A0HW,25,0:LIVING,Invasive Breast Carcinoma,Female,192,-0.174293229,33,61,0.171875,0.317708333
TCGA-BH-A0HX,48,0:LIVING,Invasive Breast Carcinoma,Female,422,0.159272986,202,105,0.478672986,0.248815166
TCGA-BH-A0HY,43,0:LIVING,Invasive Breast Carcinoma,Female,585,0.124824957,288,164,0.492307692,0.28034188
TCGA-BH-A0RX,30,0:LIVING,Invasive Breast Carcinoma,Female,220,-0.136047273,37,32,0.168181818,0.145454545
TCGA-BH-A0W3,10,0:LIVING,Invasive Breast Carcinoma,Female,229,0.0139,61,48,0.266375546,0.209606987
TCGA-BH-A0W4,27,0:LIVING,Invasive Breast Carcinoma,Female,63,-0.201419048,4,16,0.063492063,0.253968254
TCGA-BH-A0W5,25,0:LIVING,Invasive Breast Carcinoma,Female,45,-0.1566,5,11,0.111111111,0.244444444
TCGA-BH-A0W7,138,0:LIVING,Invasive Breast Carcinoma,Female,151,-0.057386093,59,41,0.390728477,0.271523179
TCGA-BH-A0WA,85,0:LIVING,Invasive Breast Carcinoma,Female,375,0.131893067,166,92,0.442666667,0.245333333
TCGA-BH-A18F,37,0:LIVING,Invasive Breast Carcinoma,Female,96,-0.191386458,18,30,0.1875,0.3125
TCGA-BH-A18G,1142,0:LIVING,Invasive Breast Carcinoma,Female,50,-0.293858,6,13,0.12,0.26
TCGA-BH-A18H,35,0:LIVING,Invasive Breast Carcinoma,Female,260,0.197233077,88,50,0.338461538,0.192307692
TCGA-BH-A18I,20,0:LIVING,Invasive Breast Carcinoma,Female,186,0.094423118,47,40,0.252688172,0.215053763
TCGA-BH-A18J,58,1:DECEASED,Invasive Breast Carcinoma,Female,458,0.160215721,190,121,0.414847162,0.26419214
TCGA-BH-A18K,40,1:DECEASED,Invasive Breast Carcinoma,Female,199,0.006394975,85,62,0.427135678,0.311557789
TCGA-BH-A18L,34,1:DECEASED,Invasive Breast Carcinoma,Female,320,0.07401,111,101,0.346875,0.315625
TCGA-BH-A18M,11,1:DECEASED,Invasive Breast Carcinoma,Female,68,-0.297788235,12,20,0.176470588,0.294117647
TCGA-BH-A18N,28,1:DECEASED,Invasive Breast Carcinoma,Female,199,-0.195829648,36,56,0.180904523,0.281407035
TCGA-BH-A18P,239,1:DECEASED,Invasive Breast Carcinoma,Female,124,-0.008266129,27,30,0.217741935,0.241935484
TCGA-BH-A18Q,64,1:DECEASED,Invasive Breast Carcinoma,Female,298,-0.09535906,121,111,0.406040268,0.372483221
TCGA-BH-A18R,20,1:DECEASED,Invasive Breast Carcinoma,Female,423,0.209029787,210,81,0.496453901,0.191489362
TCGA-BH-A18S,22,1:DECEASED,Invasive Breast Carcinoma,Female,359,-0.271532591,36,100,0.100278552,0.278551532
TCGA-BH-A18T,65,1:DECEASED,Invasive Breast Carcinoma,Female,826,0.159831961,433,228,0.524213075,0.276029056
TCGA-BH-A18U,102,1:DECEASED,Invasive Breast Carcinoma,Female,1259,0.125714615,546,297,0.433677522,0.235901509
TCGA-BH-A18V,155,1:DECEASED,Invasive Breast Carcinoma,Female,938,0.148651279,508,226,0.541577825,0.240938166
TCGA-BH-A1EN,48,1:DECEASED,Invasive Breast Carcinoma,Female,278,0.059396403,124,107,0.446043165,0.384892086
TCGA-BH-A1EO,32,1:DECEASED,Invasive Breast Carcinoma,Female,304,0.1175625,75,80,0.246710526,0.263157895
TCGA-BH-A1ES,18,1:DECEASED,Invasive Breast Carcinoma,Female,333,0.02177027,85,100,0.255255255,0.3003003
TCGA-BH-A1ET,18,1:DECEASED,Invasive Breast Carcinoma,Female,98,-0.245238776,19,38,0.193877551,0.387755102
TCGA-BH-A1EU,18,1:DECEASED,Invasive Breast Carcinoma,Female,174,-0.180390805,27,34,0.155172414,0.195402299
TCGA-BH-A1EV,73,1:DECEASED,Invasive Breast Carcinoma,Female,936,0.191546902,391,169,0.417735043,0.180555556
TCGA-BH-A1EW,10,1:DECEASED,Invasive Breast Carcinoma,Female,337,0.144860534,110,68,0.326409496,0.201780415
TCGA-BH-A1EX,15,1:DECEASED,Invasive Breast Carcinoma,Female,81,-0.185775309,21,18,0.259259259,0.222222222
TCGA-BH-A1EY,30,1:DECEASED,Invasive Breast Carcinoma,Female,373,0.192641019,141,119,0.378016086,0.319034853
TCGA-BH-A1F0,41,1:DECEASED,Invasive Breast Carcinoma,Female,434,0.0143447,86,32,0.198156682,0.073732719
TCGA-BH-A1F2,37,1:DECEASED,Invasive Breast Carcinoma,Female,233,0.006529185,103,72,0.442060086,0.309012876
TCGA-BH-A1F5,21,1:DECEASED,Invasive Breast Carcinoma,Female,128,-0.776547656,11,57,0.0859375,0.4453125
TCGA-BH-A1F6,23,1:DECEASED,Invasive Breast Carcinoma,Female,574,0.182128049,289,131,0.503484321,0.228222997
TCGA-BH-A1F8,115,1:DECEASED,Invasive Breast Carcinoma,Female,302,0.080032781,197,100,0.652317881,0.331125828
TCGA-BH-A1FB,0,1:DECEASED,Invasive Breast Carcinoma,Female,55,-0.519265455,3,13,0.054545455,0.236363636
TCGA-BH-A1FC,86,1:DECEASED,Invasive Breast Carcinoma,Female,581,-0.010891222,203,141,0.34939759,0.242685026
TCGA-BH-A1FD,23,1:DECEASED,Invasive Breast Carcinoma,Female,736,0.096255299,320,195,0.434782609,0.264945652
TCGA-BH-A1FE,14,1:DECEASED,Invasive Breast Carcinoma,Female,454,0.227184802,202,51,0.444933921,0.112334802
TCGA-BH-A1FG,17,1:DECEASED,Invasive Breast Carcinoma,Female,108,-0.144646296,24,31,0.222222222,0.287037037
TCGA-BH-A1FH,14,1:DECEASED,Invasive Breast Carcinoma,Female,286,0.194907692,116,20,0.405594406,0.06993007
TCGA-BH-A1FJ,20,1:DECEASED,Invasive Breast Carcinoma,Female,386,-0.245677461,24,82,0.062176166,0.212435233
TCGA-BH-A1FL,17,1:DECEASED,Invasive Breast Carcinoma,Female,117,-0.315935897,14,40,0.11965812,0.341880342
TCGA-BH-A1FM,47,1:DECEASED,Invasive Breast Carcinoma,Female,730,0.234202877,391,149,0.535616438,0.204109589
TCGA-BH-A1FN,87,1:DECEASED,Invasive Breast Carcinoma,Female,936,0.058211432,363,245,0.387820513,0.261752137
TCGA-BH-A1FR,11,1:DECEASED,Invasive Breast Carcinoma,Female,85,-0.365130588,3,28,0.035294118,0.329411765
TCGA-BH-A1FU,54,1:DECEASED,Invasive Breast Carcinoma,Female,228,0.009257456,42,27,0.184210526,0.118421053
TCGA-BH-A201,15,0:LIVING,Invasive Breast Carcinoma,Female,139,0.348628058,61,26,0.438848921,0.18705036
TCGA-BH-A202,25,0:LIVING,Invasive Breast Carcinoma,Female,151,0.205493377,52,33,0.344370861,0.218543046
TCGA-BH-A203,49,1:DECEASED,Invasive Breast Carcinoma,Female,722,0.30033892,380,103,0.526315789,0.14265928
TCGA-BH-A204,29,1:DECEASED,Invasive Breast Carcinoma,Female,428,0.042218458,80,80,0.186915888,0.186915888
TCGA-BH-A208,50,1:DECEASED,Invasive Breast Carcinoma,Female,222,0.126540541,77,34,0.346846847,0.153153153
TCGA-BH-A209,68,1:DECEASED,Invasive Breast Carcinoma,Female,431,0.058525058,173,99,0.401392111,0.229698376
TCGA-BH-A28O,0,0:LIVING,Invasive Breast Carcinoma,Female,50,-0.152552,4,8,0.08,0.16
TCGA-BH-A28Q,17,0:LIVING,Invasive Breast Carcinoma,Female,233,-0.069753648,32,50,0.137339056,0.214592275
TCGA-BH-A2L8,357,0:LIVING,Invasive Breast Carcinoma,Female,38,-0.129763158,4,8,0.105263158,0.210526316
TCGA-BH-A42T,0,1:DECEASED,Invasive Breast Carcinoma,Female,328,-0.08258628,65,105,0.198170732,0.320121951
TCGA-BH-A42U,11,0:LIVING,Invasive Breast Carcinoma,Female,90,-0.409961111,1,27,0.011111111,0.3
TCGA-BH-A42V,30,0:LIVING,Invasive Breast Carcinoma,Female,104,-0.213094231,10,36,0.096153846,0.346153846
TCGA-BH-A5IZ,55,0:LIVING,Invasive Breast Carcinoma,Female,397,0.033808312,188,114,0.473551637,0.287153652
TCGA-BH-A5J0,54,0:LIVING,Invasive Breast Carcinoma,Female,403,-0.161968734,148,157,0.367245658,0.389578164
TCGA-BH-A6R8,23,0:LIVING,Invasive Breast Carcinoma,Female,209,-0.062474641,82,39,0.392344498,0.186602871
TCGA-BH-A6R9,7,0:LIVING,Invasive Breast Carcinoma,Female,75,-0.179785333,2,12,0.026666667,0.16
TCGA-BH-A8FY,34,1:DECEASED,Invasive Breast Carcinoma,Female,118,0.023782203,38,22,0.322033898,0.186440678
TCGA-BH-A8FZ,54,0:LIVING,Invasive Breast Carcinoma,Female,126,0.054288889,29,28,0.23015873,0.222222222
TCGA-BH-A8G0,8,0:LIVING,Invasive Breast Carcinoma,Female,57,-0.147873684,2,13,0.035087719,0.228070175
TCGA-BH-AB28,22,0:LIVING,Invasive Breast Carcinoma,Female,94,-0.085769149,7,17,0.074468085,0.180851064
TCGA-C8-A12K,104,0:LIVING,Invasive Breast Carcinoma,Female,433,-0.043323788,147,117,0.339491917,0.270207852
TCGA-C8-A12L,59,0:LIVING,Invasive Breast Carcinoma,Female,631,0.060273534,294,173,0.4659271,0.274167987
TCGA-C8-A12M,47,0:LIVING,Invasive Breast Carcinoma,Female,668,0.340005838,383,148,0.573353293,0.221556886
TCGA-C8-A12N,13,0:LIVING,Invasive Breast Carcinoma,Female,55,-0.357069091,5,16,0.090909091,0.290909091
TCGA-C8-A12O,27,0:LIVING,Invasive Breast Carcinoma,Female,313,0.059683706,94,75,0.300319489,0.239616613
TCGA-C8-A12P,127,0:LIVING,Invasive Breast Carcinoma,Female,973,0.214629908,371,152,0.381294964,0.156217883
TCGA-C8-A12Q,83,1:DECEASED,Invasive Breast Carcinoma,Female,554,0.13347491,271,105,0.489169675,0.189530686
TCGA-C8-A12T,129,0:LIVING,Invasive Breast Carcinoma,Female,286,0.119900699,99,84,0.346153846,0.293706294
TCGA-C8-A12U,34,0:LIVING,Invasive Breast Carcinoma,Female,686,0.369188776,401,149,0.584548105,0.217201166
TCGA-C8-A12V,36,0:LIVING,Invasive Breast Carcinoma,Female,189,-0.108677249,22,19,0.116402116,0.100529101
TCGA-C8-A12W,43,0:LIVING,Invasive Breast Carcinoma,Female,431,0.143204408,175,86,0.406032483,0.199535963
TCGA-C8-A12X,37,0:LIVING,Invasive Breast Carcinoma,Female,151,0.181637748,62,44,0.410596026,0.291390728
TCGA-C8-A12Y,29,0:LIVING,Invasive Breast Carcinoma,Female,256,0.072055469,95,63,0.37109375,0.24609375
TCGA-C8-A12Z,41,0:LIVING,Invasive Breast Carcinoma,Female,414,0.155885024,150,81,0.362318841,0.195652174
TCGA-C8-A130,31,0:LIVING,Invasive Breast Carcinoma,Female,946,0.222965856,444,181,0.469344609,0.191331924
TCGA-C8-A131,48,0:LIVING,Invasive Breast Carcinoma,Female,220,-0.021992273,62,28,0.281818182,0.127272727
TCGA-C8-A132,52,0:LIVING,Invasive Breast Carcinoma,Female,348,0.090484483,94,75,0.270114943,0.215517241
TCGA-C8-A133,23,0:LIVING,Invasive Breast Carcinoma,Female,80,-0.0596725,16,11,0.2,0.1375
TCGA-C8-A134,76,0:LIVING,Invasive Breast Carcinoma,Female,401,-0.098789277,104,124,0.259351621,0.309226933
TCGA-C8-A135,48,0:LIVING,Invasive Breast Carcinoma,Female,352,0.186303125,161,61,0.457386364,0.173295455
TCGA-C8-A137,36,0:LIVING,Invasive Breast Carcinoma,Female,430,0.327352326,188,83,0.437209302,0.193023256
TCGA-C8-A138,33,0:LIVING,Invasive Breast Carcinoma,Female,323,0.010262848,106,88,0.328173375,0.27244582
TCGA-C8-A1HE,32,0:LIVING,Invasive Breast Carcinoma,Female,122,-0.146830328,16,30,0.131147541,0.245901639
TCGA-C8-A1HF,25,0:LIVING,Invasive Breast Carcinoma,Female,236,-0.073617797,40,82,0.169491525,0.347457627
TCGA-C8-A1HG,33,0:LIVING,Invasive Breast Carcinoma,Female,571,0.118785989,221,118,0.38704028,0.206654991
TCGA-C8-A1HI,38,0:LIVING,Invasive Breast Carcinoma,Female,338,0.324477219,185,46,0.547337278,0.136094675
TCGA-C8-A1HJ,88,0:LIVING,Invasive Breast Carcinoma,Female,596,-0.07262349,177,194,0.296979866,0.325503356
TCGA-C8-A1HK,49,0:LIVING,Invasive Breast Carcinoma,Female,596,0.025214765,248,144,0.416107383,0.241610738
TCGA-C8-A1HL,21,0:LIVING,Invasive Breast Carcinoma,Female,523,0.038677247,111,100,0.212237094,0.191204589
TCGA-C8-A1HM,272,0:LIVING,Invasive Breast Carcinoma,Female,409,0.135204645,184,88,0.449877751,0.215158924
TCGA-C8-A1HN,40,0:LIVING,Invasive Breast Carcinoma,Female,902,0.249201663,460,185,0.509977827,0.205099778
TCGA-C8-A1HO,22,0:LIVING,Invasive Breast Carcinoma,Female,294,0.223322109,143,79,0.486394558,0.268707483
TCGA-C8-A26V,60,0:LIVING,Invasive Breast Carcinoma,Female,165,-0.199275758,18,53,0.109090909,0.321212121
TCGA-C8-A26W,41,0:LIVING,Invasive Breast Carcinoma,Female,362,0.08598232,121,97,0.334254144,0.267955801
TCGA-C8-A26X,57,0:LIVING,Invasive Breast Carcinoma,Female,353,0.077467705,130,65,0.368271955,0.184135977
TCGA-C8-A26Y,566,0:LIVING,Invasive Breast Carcinoma,Female,417,0.079460192,181,108,0.434052758,0.258992806
TCGA-C8-A26Z,36,0:LIVING,Invasive Breast Carcinoma,Female,378,-0.203623545,122,124,0.322751323,0.328042328
TCGA-C8-A273,14,0:LIVING,Invasive Breast Carcinoma,Female,380,0.298951053,177,55,0.465789474,0.144736842
TCGA-C8-A274,153,0:LIVING,Invasive Breast Carcinoma,Female,121,-0.133076033,34,41,0.280991736,0.338842975
TCGA-C8-A275,93,0:LIVING,Invasive Breast Carcinoma,Female,283,0.333198233,137,41,0.48409894,0.144876325
TCGA-C8-A278,30,0:LIVING,Invasive Breast Carcinoma,Female,340,0.140554412,142,29,0.417647059,0.085294118
TCGA-C8-A27A,18,0:LIVING,Invasive Breast Carcinoma,Female,1034,0.140370019,369,220,0.356866538,0.212765957
TCGA-C8-A27B,126,0:LIVING,Invasive Breast Carcinoma,Female,406,-0.000563054,139,149,0.342364532,0.366995074
TCGA-C8-A3M7,0,1:DECEASED,Invasive Breast Carcinoma,Female,145,-0.087088966,21,40,0.144827586,0.275862069
TCGA-C8-A3M8,0,0:LIVING,Invasive Breast Carcinoma,Female,233,0.060907725,79,46,0.339055794,0.197424893
TCGA-C8-A8HP,114,0:LIVING,Invasive Breast Carcinoma,Female,373,0.088039946,108,37,0.289544236,0.09919571
TCGA-C8-A8HQ,190,0:LIVING,Invasive Breast Carcinoma,Female,285,-0.087679649,23,81,0.080701754,0.284210526
TCGA-C8-A8HR,29,0:LIVING,Invasive Breast Carcinoma,Female,171,-0.066340351,21,21,0.122807018,0.122807018
TCGA-C8-A9FZ,16,0:LIVING,Invasive Breast Carcinoma,Female,532,-0.001754887,204,134,0.383458647,0.251879699
TCGA-D8-A13Y,59,0:LIVING,Invasive Breast Carcinoma,Female,371,-0.00691186,237,120,0.638814016,0.323450135
TCGA-D8-A13Z,74,0:LIVING,Invasive Breast Carcinoma,Female,493,0.25791643,260,81,0.527383367,0.164300203
TCGA-D8-A140,84,0:LIVING,Invasive Breast Carcinoma,Female,673,0.13076419,286,99,0.424962853,0.147102526
TCGA-D8-A141,15,0:LIVING,Invasive Breast Carcinoma,Female,39,-0.152248718,3,6,0.076923077,0.153846154
TCGA-D8-A142,92,0:LIVING,Invasive Breast Carcinoma,Female,498,0.106400402,204,147,0.409638554,0.295180723
TCGA-D8-A143,42,0:LIVING,Invasive Breast Carcinoma,Female,371,0.073667116,152,86,0.409703504,0.23180593
TCGA-D8-A145,35,0:LIVING,Invasive Breast Carcinoma,Female,84,-0.27732381,6,24,0.071428571,0.285714286
TCGA-D8-A146,29,0:LIVING,Invasive Breast Carcinoma,Female,63,-0.257125397,5,20,0.079365079,0.317460317
TCGA-D8-A147,133,0:LIVING,Invasive Breast Carcinoma,Female,428,-0.010474766,174,112,0.406542056,0.261682243
TCGA-D8-A1J8,616,0:LIVING,Invasive Breast Carcinoma,Female,99,-0.163323232,58,35,0.585858586,0.353535354
TCGA-D8-A1J9,147,0:LIVING,Invasive Breast Carcinoma,Female,471,0.117273248,158,111,0.335456476,0.23566879
TCGA-D8-A1JA,702,0:LIVING,Invasive Breast Carcinoma,Female,368,0.05702663,104,103,0.282608696,0.279891304
TCGA-D8-A1JB,30,0:LIVING,Invasive Breast Carcinoma,Female,201,-0.045713433,38,23,0.189054726,0.114427861
TCGA-D8-A1JC,75,0:LIVING,Invasive Breast Carcinoma,Female,367,0.204666757,128,77,0.348773842,0.209809264
TCGA-D8-A1JD,79,0:LIVING,Invasive Breast Carcinoma,Female,344,-0.1079125,102,113,0.296511628,0.328488372
TCGA-D8-A1JE,27,0:LIVING,Invasive Breast Carcinoma,Female,191,-0.015840314,66,66,0.345549738,0.345549738
TCGA-D8-A1JF,38,0:LIVING,Invasive Breast Carcinoma,Female,221,-0.103690498,60,63,0.271493213,0.285067873
TCGA-D8-A1JG,103,0:LIVING,Invasive Breast Carcinoma,Female,323,0.211832817,161,43,0.498452012,0.133126935
TCGA-D8-A1JH,17,0:LIVING,Invasive Breast Carcinoma,Female,72,-0.345747222,4,19,0.055555556,0.263888889
TCGA-D8-A1JI,24,0:LIVING,Invasive Breast Carcinoma,Female,338,-0.005071302,121,74,0.357988166,0.218934911
TCGA-D8-A1JJ,53,0:LIVING,Invasive Breast Carcinoma,Female,383,0.023203133,119,77,0.310704961,0.201044386
TCGA-D8-A1JK,168,0:LIVING,Invasive Breast Carcinoma,Female,623,0.08870626,252,139,0.404494382,0.223113965
TCGA-D8-A1JL,83,0:LIVING,Invasive Breast Carcinoma,Female,387,0.100591473,121,64,0.312661499,0.165374677
TCGA-D8-A1JM,28,0:LIVING,Invasive Breast Carcinoma,Female,384,0.049209115,194,116,0.505208333,0.302083333
TCGA-D8-A1JN,116,0:LIVING,Invasive Breast Carcinoma,Female,240,-0.15037375,16,40,0.066666667,0.166666667
TCGA-D8-A1JP,94,0:LIVING,Invasive Breast Carcinoma,Female,441,-0.006905215,117,108,0.265306122,0.244897959
TCGA-D8-A1JS,16,0:LIVING,Invasive Breast Carcinoma,Female,64,-0.540809375,4,18,0.0625,0.28125
TCGA-D8-A1JT,24,0:LIVING,Invasive Breast Carcinoma,Female,145,0.063742759,69,21,0.475862069,0.144827586
TCGA-D8-A1JU,11,0:LIVING,Invasive Breast Carcinoma,Female,62,-0.2149,6,17,0.096774194,0.274193548
TCGA-D8-A1X5,37,0:LIVING,Invasive Breast Carcinoma,Female,445,0.187053034,233,101,0.523595506,0.226966292
TCGA-D8-A1X6,30,0:LIVING,Invasive Breast Carcinoma,Female,139,0.111851079,43,32,0.309352518,0.230215827
TCGA-D8-A1X7,17,0:LIVING,Invasive Breast Carcinoma,Female,92,-0.167204348,13,18,0.141304348,0.195652174
TCGA-D8-A1X8,22,0:LIVING,Invasive Breast Carcinoma,Female,77,-0.399363636,9,25,0.116883117,0.324675325
TCGA-D8-A1X9,76,0:LIVING,Invasive Breast Carcinoma,Female,374,-0.018174332,121,84,0.323529412,0.22459893
TCGA-D8-A1XA,20,0:LIVING,Invasive Breast Carcinoma,Female,336,-0.009523512,172,104,0.511904762,0.30952381
TCGA-D8-A1XB,27,0:LIVING,Invasive Breast Carcinoma,Female,102,-0.176159804,8,34,0.078431373,0.333333333
TCGA-D8-A1XC,26,1:DECEASED,Invasive Breast Carcinoma,Female,44,-0.228590909,5,9,0.113636364,0.204545455
TCGA-D8-A1XD,0,0:LIVING,Invasive Breast Carcinoma,Female,293,0.321861092,156,75,0.532423208,0.255972696
TCGA-D8-A1XF,31,0:LIVING,Invasive Breast Carcinoma,Female,167,0.1777,90,55,0.538922156,0.329341317
TCGA-D8-A1XG,15,0:LIVING,Invasive Breast Carcinoma,Female,169,0.014104734,27,27,0.159763314,0.159763314
TCGA-D8-A1XJ,65,0:LIVING,Invasive Breast Carcinoma,Female,467,0.171769379,206,94,0.44111349,0.201284797
TCGA-D8-A1XK,888,0:LIVING,Invasive Breast Carcinoma,Female,527,0.035693548,247,136,0.468690702,0.258064516
TCGA-D8-A1XL,83,0:LIVING,Invasive Breast Carcinoma,Female,350,-0.028608571,142,98,0.405714286,0.28
TCGA-D8-A1XM,42,0:LIVING,Invasive Breast Carcinoma,Female,60,-0.365431667,4,22,0.066666667,0.366666667
TCGA-D8-A1XO,12,0:LIVING,Invasive Breast Carcinoma,Female,90,-0.207158889,8,35,0.088888889,0.388888889
TCGA-D8-A1XQ,742,0:LIVING,Invasive Breast Carcinoma,Female,623,0.023616051,230,127,0.36918138,0.203852327
TCGA-D8-A1XR,21,0:LIVING,Invasive Breast Carcinoma,Female,305,-0.005123607,35,50,0.114754098,0.163934426
TCGA-D8-A1XS,15,0:LIVING,Invasive Breast Carcinoma,Male,211,0.184981043,89,31,0.421800948,0.146919431
TCGA-D8-A1XT,28,0:LIVING,Invasive Breast Carcinoma,Female,381,0.134750919,143,107,0.375328084,0.280839895
TCGA-D8-A1XU,18,0:LIVING,Invasive Breast Carcinoma,Female,163,-0.054584663,83,72,0.509202454,0.441717791
TCGA-D8-A1XV,21,0:LIVING,Invasive Breast Carcinoma,Female,40,-0.221085,4,6,0.1,0.15
TCGA-D8-A1XW,75,0:LIVING,Invasive Breast Carcinoma,Female,226,-0.08234646,80,51,0.353982301,0.225663717
TCGA-D8-A1XY,33,0:LIVING,Invasive Breast Carcinoma,Female,359,-0.015922006,89,80,0.247910864,0.222841226
TCGA-D8-A1XZ,64,0:LIVING,Invasive Breast Carcinoma,Female,664,0.258365663,316,140,0.475903614,0.210843373
TCGA-D8-A1Y0,49,0:LIVING,Invasive Breast Carcinoma,Female,332,-0.125976205,91,106,0.274096386,0.319277108
TCGA-D8-A1Y1,183,1:DECEASED,Invasive Breast Carcinoma,Female,174,-0.104718966,41,69,0.235632184,0.396551724
TCGA-D8-A1Y2,12,0:LIVING,Invasive Breast Carcinoma,Female,121,-0.34415124,25,45,0.20661157,0.371900826
TCGA-D8-A1Y3,37,0:LIVING,Invasive Breast Carcinoma,Female,407,0.180653808,149,112,0.366093366,0.275184275
TCGA-D8-A27E,11,0:LIVING,Invasive Breast Carcinoma,Female,45,-0.14948,4,7,0.088888889,0.155555556
TCGA-D8-A27F,51,0:LIVING,Invasive Breast Carcinoma,Female,240,0.039144583,114,69,0.475,0.2875
TCGA-D8-A27G,696,0:LIVING,Invasive Breast Carcinoma,Female,196,0.104769388,67,53,0.341836735,0.270408163
TCGA-D8-A27H,112,0:LIVING,Invasive Breast Carcinoma,Female,487,0.126243532,244,102,0.501026694,0.209445585
TCGA-D8-A27I,23,0:LIVING,Invasive Breast Carcinoma,Female,86,-0.247796512,8,19,0.093023256,0.220930233
TCGA-D8-A27K,17,0:LIVING,Invasive Breast Carcinoma,Female,45,-0.462508889,4,11,0.088888889,0.244444444
TCGA-D8-A27L,35,0:LIVING,Invasive Breast Carcinoma,Female,88,0.074995455,41,11,0.465909091,0.125
TCGA-D8-A27M,49,0:LIVING,Invasive Breast Carcinoma,Female,365,0.028334795,98,69,0.268493151,0.189041096
TCGA-D8-A27N,36,0:LIVING,Invasive Breast Carcinoma,Female,561,0.314104813,229,85,0.408199643,0.151515152
TCGA-D8-A27P,17,0:LIVING,Invasive Breast Carcinoma,Female,49,-0.14242449,3,8,0.06122449,0.163265306
TCGA-D8-A27R,23,0:LIVING,Invasive Breast Carcinoma,Female,310,0.224306129,138,68,0.44516129,0.219354839
TCGA-D8-A27T,17,0:LIVING,Invasive Breast Carcinoma,Female,115,-0.152133043,12,39,0.104347826,0.339130435
TCGA-D8-A27V,289,0:LIVING,Invasive Breast Carcinoma,Female,236,-0.175555085,55,73,0.233050847,0.309322034
TCGA-D8-A27W,29,0:LIVING,Invasive Breast Carcinoma,Female,237,0.118357806,95,54,0.400843882,0.227848101
TCGA-D8-A3Z5,0,0:LIVING,Invasive Breast Carcinoma,Female,46,-0.159336957,5,9,0.108695652,0.195652174
TCGA-D8-A3Z6,22,0:LIVING,Invasive Breast Carcinoma,Female,128,-0.252289844,20,43,0.15625,0.3359375
TCGA-D8-A4Z1,38,0:LIVING,Invasive Breast Carcinoma,Female,74,-0.07787027,13,10,0.175675676,0.135135135
TCGA-D8-A73U,104,0:LIVING,Invasive Breast Carcinoma,Female,71,-0.109343662,9,8,0.126760563,0.112676056
TCGA-D8-A73W,35,1:DECEASED,Invasive Breast Carcinoma,Female,74,-0.150941892,5,24,0.067567568,0.324324324
TCGA-D8-A73X,29,0:LIVING,Invasive Breast Carcinoma,Female,84,-0.220288095,5,17,0.05952381,0.202380952
TCGA-E2-A105,0,0:LIVING,Invasive Breast Carcinoma,Female,314,0.186279618,155,71,0.493630573,0.22611465
TCGA-E2-A106,0,0:LIVING,Invasive Breast Carcinoma,Female,188,-0.581175532,26,71,0.138297872,0.377659574
TCGA-E2-A107,0,0:LIVING,Invasive Breast Carcinoma,Female,151,-0.195437086,40,47,0.264900662,0.311258278
TCGA-E2-A108,0,0:LIVING,Invasive Breast Carcinoma,Female,184,-0.134802717,17,24,0.092391304,0.130434783
TCGA-E2-A109,0,0:LIVING,Invasive Breast Carcinoma,Female,598,0.25061204,283,153,0.473244147,0.255852843
TCGA-E2-A10A,17,0:LIVING,Invasive Breast Carcinoma,Female,379,-0.028290501,169,101,0.44591029,0.266490765
TCGA-E2-A10B,0,0:LIVING,Invasive Breast Carcinoma,Female,137,-0.101567153,49,22,0.357664234,0.160583942
TCGA-E2-A10C,286,0:LIVING,Invasive Breast Carcinoma,Female,217,0.381365438,124,49,0.571428571,0.225806452
TCGA-E2-A10E,0,0:LIVING,Invasive Breast Carcinoma,Female,142,-0.176840845,27,44,0.190140845,0.309859155
TCGA-E2-A10F,0,0:LIVING,Invasive Breast Carcinoma,Female,72,-0.175440278,7,20,0.097222222,0.277777778
TCGA-E2-A14N,72,0:LIVING,Invasive Breast Carcinoma,Female,356,-0.054508989,41,51,0.115168539,0.143258427
TCGA-E2-A14O,26,0:LIVING,Invasive Breast Carcinoma,Female,122,-0.016759836,59,46,0.483606557,0.37704918
TCGA-E2-A14P,56,0:LIVING,Invasive Breast Carcinoma,Female,1086,0.191521823,482,121,0.443830571,0.111418048
TCGA-E2-A14Q,23,0:LIVING,Invasive Breast Carcinoma,Female,147,0.077987075,47,32,0.319727891,0.217687075
TCGA-E2-A14R,99,0:LIVING,Invasive Breast Carcinoma,Female,801,-0.129065418,369,245,0.460674157,0.305867665
TCGA-E2-A14S,0,0:LIVING,Invasive Breast Carcinoma,Female,318,-0.031180189,97,70,0.305031447,0.220125786
TCGA-E2-A14T,29,0:LIVING,Invasive Breast Carcinoma,Female,410,0.087991707,195,94,0.475609756,0.229268293
TCGA-E2-A14U,0,0:LIVING,Invasive Breast Carcinoma,Female,47,-0.299519149,0,9,0,0.191489362
TCGA-E2-A14V,84,0:LIVING,Invasive Breast Carcinoma,Female,499,0.365725852,255,101,0.511022044,0.20240481
TCGA-E2-A14W,82,0:LIVING,Invasive Breast Carcinoma,Male,486,-0.035341152,90,114,0.185185185,0.234567901
TCGA-E2-A14X,20,0:LIVING,Invasive Breast Carcinoma,Female,249,0.293898795,130,51,0.522088353,0.204819277
TCGA-E2-A14Y,30,0:LIVING,Invasive Breast Carcinoma,Female,493,0.049399391,124,65,0.251521298,0.131845842
TCGA-E2-A14Z,51,1:DECEASED,Invasive Breast Carcinoma,Female,376,-0.003635106,136,135,0.361702128,0.359042553
TCGA-E2-A150,58,0:LIVING,Invasive Breast Carcinoma,Female,507,0.169140434,220,147,0.433925049,0.289940828
TCGA-E2-A152,103,0:LIVING,Invasive Breast Carcinoma,Female,212,0.037278774,108,52,0.509433962,0.245283019
TCGA-E2-A153,19,0:LIVING,Invasive Breast Carcinoma,Female,49,-0.221877551,9,17,0.183673469,0.346938776
TCGA-E2-A154,38,0:LIVING,Invasive Breast Carcinoma,Female,75,-0.117972,15,20,0.2,0.266666667
TCGA-E2-A155,51,0:LIVING,Invasive Breast Carcinoma,Female,284,0.204986972,114,75,0.401408451,0.264084507
TCGA-E2-A156,24,0:LIVING,Invasive Breast Carcinoma,Female,86,-0.288315116,5,30,0.058139535,0.348837209
TCGA-E2-A158,74,0:LIVING,Invasive Breast Carcinoma,Female,574,-0.096966202,208,151,0.362369338,0.263066202
TCGA-E2-A159,118,0:LIVING,Invasive Breast Carcinoma,Female,201,-0.080351741,61,58,0.303482587,0.288557214
TCGA-E2-A15A,49,0:LIVING,Invasive Breast Carcinoma,Female,571,0.08329317,219,147,0.383537653,0.257443082
TCGA-E2-A15C,28,0:LIVING,Invasive Breast Carcinoma,Female,64,-0.472103125,6,23,0.09375,0.359375
TCGA-E2-A15D,27,0:LIVING,Invasive Breast Carcinoma,Female,94,-0.231019149,23,27,0.244680851,0.287234043
TCGA-E2-A15E,27,0:LIVING,Invasive Breast Carcinoma,Female,444,0.074153378,143,76,0.322072072,0.171171171
TCGA-E2-A15F,0,0:LIVING,Invasive Breast Carcinoma,Female,276,0.130900725,78,58,0.282608696,0.210144928
TCGA-E2-A15G,43,0:LIVING,Invasive Breast Carcinoma,Female,191,-0.143834031,15,33,0.078534031,0.172774869
TCGA-E2-A15H,27,0:LIVING,Invasive Breast Carcinoma,Female,444,0.176625,161,86,0.362612613,0.193693694
TCGA-E2-A15I,21,0:LIVING,Invasive Breast Carcinoma,Female,154,-0.133301948,28,30,0.181818182,0.194805195
TCGA-E2-A15J,18,0:LIVING,Invasive Breast Carcinoma,Female,119,-0.110879832,24,22,0.201680672,0.18487395
TCGA-E2-A15K,36,0:LIVING,Invasive Breast Carcinoma,Female,231,-0.000301299,59,52,0.255411255,0.225108225
TCGA-E2-A15L,28,0:LIVING,Invasive Breast Carcinoma,Female,82,-0.190137805,10,13,0.12195122,0.158536585
TCGA-E2-A15M,61,1:DECEASED,Invasive Breast Carcinoma,Female,415,0.076639036,135,67,0.325301205,0.161445783
TCGA-E2-A15O,25,0:LIVING,Invasive Breast Carcinoma,Female,166,-0.045820482,57,47,0.343373494,0.28313253
TCGA-E2-A15P,34,0:LIVING,Invasive Breast Carcinoma,Female,192,-0.156257292,29,75,0.151041667,0.390625
TCGA-E2-A15R,28,0:LIVING,Invasive Breast Carcinoma,Female,163,0.200246626,65,35,0.398773006,0.214723926
TCGA-E2-A15S,48,0:LIVING,Invasive Breast Carcinoma,Female,258,-0.091298837,96,76,0.372093023,0.294573643
TCGA-E2-A15T,20,0:LIVING,Invasive Breast Carcinoma,Female,253,-0.080083004,67,53,0.264822134,0.209486166
TCGA-E2-A1AZ,40,0:LIVING,Invasive Breast Carcinoma,Female,726,0.004889807,220,127,0.303030303,0.174931129
TCGA-E2-A1B0,36,0:LIVING,Invasive Breast Carcinoma,Female,499,0.254972345,237,69,0.4749499,0.138276553
TCGA-E2-A1B1,40,0:LIVING,Invasive Breast Carcinoma,Female,146,0.100324658,42,10,0.287671233,0.068493151
TCGA-E2-A1B4,30,1:DECEASED,Invasive Breast Carcinoma,Female,79,-0.361765823,8,23,0.101265823,0.291139241
TCGA-E2-A1B5,26,0:LIVING,Invasive Breast Carcinoma,Female,213,0.039800469,55,17,0.258215962,0.079812207
TCGA-E2-A1B6,28,0:LIVING,Invasive Breast Carcinoma,Female,157,-0.11533758,5,18,0.031847134,0.114649682
TCGA-E2-A1BC,25,0:LIVING,Invasive Breast Carcinoma,Female,93,-0.27753871,8,44,0.086021505,0.47311828
TCGA-E2-A1BD,34,0:LIVING,Invasive Breast Carcinoma,Female,114,-0.246229825,32,38,0.280701754,0.333333333
TCGA-E2-A1IE,17,0:LIVING,Invasive Breast Carcinoma,Female,240,0.07104375,85,58,0.354166667,0.241666667
TCGA-E2-A1IF,15,0:LIVING,Invasive Breast Carcinoma,Female,40,-0.2249625,4,10,0.1,0.25
TCGA-E2-A1IG,35,0:LIVING,Invasive Breast Carcinoma,Female,224,0.124819196,74,40,0.330357143,0.178571429
TCGA-E2-A1IH,56,0:LIVING,Invasive Breast Carcinoma,Female,284,-0.284822183,56,149,0.197183099,0.524647887
TCGA-E2-A1II,22,0:LIVING,Invasive Breast Carcinoma,Female,248,-0.033401613,64,76,0.258064516,0.306451613
TCGA-E2-A1IJ,12,0:LIVING,Invasive Breast Carcinoma,Female,93,-0.20802043,14,33,0.150537634,0.35483871
TCGA-E2-A1IK,11,0:LIVING,Invasive Breast Carcinoma,Female,51,-0.077462745,0,3,0,0.058823529
TCGA-E2-A1IL,19,0:LIVING,Invasive Breast Carcinoma,Female,95,-0.149969474,23,27,0.242105263,0.284210526
TCGA-E2-A1IN,141,0:LIVING,Invasive Breast Carcinoma,Female,151,-0.330031788,51,64,0.337748344,0.42384106
TCGA-E2-A1IO,10,0:LIVING,Invasive Breast Carcinoma,Female,468,0.079079915,143,116,0.305555556,0.247863248
TCGA-E2-A1IU,16,0:LIVING,Invasive Breast Carcinoma,Female,121,0.050187603,34,24,0.280991736,0.198347107
TCGA-E2-A1L6,15,0:LIVING,Invasive Breast Carcinoma,Female,75,-0.121217333,15,16,0.2,0.213333333
TCGA-E2-A1L7,56,0:LIVING,Invasive Breast Carcinoma,Female,452,-0.119052655,139,143,0.307522124,0.316371681
TCGA-E2-A1L8,21,0:LIVING,Invasive Breast Carcinoma,Female,151,-0.178584106,23,41,0.152317881,0.271523179
TCGA-E2-A1L9,22,0:LIVING,Invasive Breast Carcinoma,Female,65,-0.318010769,5,15,0.076923077,0.230769231
TCGA-E2-A1LA,69,0:LIVING,Invasive Breast Carcinoma,Female,228,-0.137258333,45,72,0.197368421,0.315789474
TCGA-E2-A1LB,39,0:LIVING,Invasive Breast Carcinoma,Female,203,-0.026791626,42,70,0.206896552,0.344827586
TCGA-E2-A1LE,0,1:DECEASED,Invasive Breast Carcinoma,Female,794,0.176413728,376,141,0.473551637,0.177581864
TCGA-E2-A1LG,116,0:LIVING,Invasive Breast Carcinoma,Female,280,-0.0493525,122,101,0.435714286,0.360714286
TCGA-E2-A1LH,158,0:LIVING,Invasive Breast Carcinoma,Female,451,0.031711308,133,57,0.294900222,0.126385809
TCGA-E2-A1LI,0,0:LIVING,Invasive Breast Carcinoma,Female,370,0.006832703,133,84,0.359459459,0.227027027
TCGA-E2-A1LK,32,1:DECEASED,Invasive Breast Carcinoma,Female,269,0.01638513,93,73,0.345724907,0.271375465
TCGA-E2-A1LL,31,0:LIVING,Invasive Breast Carcinoma,Female,984,-0.031139837,325,264,0.330284553,0.268292683
TCGA-E2-A2P5,52,1:DECEASED,Invasive Breast Carcinoma,Female,370,-0.01680027,168,100,0.454054054,0.27027027
TCGA-E2-A2P6,0,0:LIVING,Invasive Breast Carcinoma,Female,211,-0.114291469,47,62,0.222748815,0.293838863
TCGA-E2-A3DX,0,0:LIVING,Invasive Breast Carcinoma,Female,57,-0.32732807,0,12,0,0.210526316
TCGA-E2-A56Z,32,0:LIVING,Invasive Breast Carcinoma,Female,286,0.19332028,121,68,0.423076923,0.237762238
TCGA-E2-A570,18,0:LIVING,Invasive Breast Carcinoma,Female,89,-0.34321236,19,28,0.213483146,0.314606742
TCGA-E2-A572,16,0:LIVING,Invasive Breast Carcinoma,Female,4309,-2.290769482,20,2359,0.004641448,0.547458807
TCGA-E2-A573,42,0:LIVING,Invasive Breast Carcinoma,Female,148,-0.113099324,38,35,0.256756757,0.236486486
TCGA-E2-A574,82,0:LIVING,Invasive Breast Carcinoma,Female,369,-0.235652575,130,149,0.352303523,0.403794038
TCGA-E2-A576,39,0:LIVING,Invasive Breast Carcinoma,Female,274,-0.256972628,31,96,0.113138686,0.350364964
TCGA-E2-A9RU,53,0:LIVING,Invasive Breast Carcinoma,Female,1040,0.132924712,444,234,0.426923077,0.225
TCGA-E9-A1N3,23,0:LIVING,Invasive Breast Carcinoma,Female,61,-0.080952459,17,11,0.278688525,0.180327869
TCGA-E9-A1N4,18,0:LIVING,Invasive Breast Carcinoma,Female,261,-0.12904751,8,74,0.030651341,0.283524904
TCGA-E9-A1N5,26,0:LIVING,Invasive Breast Carcinoma,Female,151,0.16968543,60,27,0.397350993,0.178807947
TCGA-E9-A1N6,0,1:DECEASED,Invasive Breast Carcinoma,Female,441,0.166847619,186,91,0.421768707,0.206349206
TCGA-E9-A1N8,24,0:LIVING,Invasive Breast Carcinoma,Female,388,0.382718557,254,80,0.654639175,0.206185567
TCGA-E9-A1N9,43,0:LIVING,Invasive Breast Carcinoma,Female,686,0.157253499,251,181,0.365889213,0.263848397
TCGA-E9-A1NA,74,0:LIVING,Invasive Breast Carcinoma,Female,1527,0.199260838,772,204,0.50556647,0.133595285
TCGA-E9-A1NC,64,0:LIVING,Invasive Breast Carcinoma,Female,291,0.125769759,97,74,0.333333333,0.254295533
TCGA-E9-A1ND,63,0:LIVING,Invasive Breast Carcinoma,Female,357,0.034492717,112,35,0.31372549,0.098039216
TCGA-E9-A1NE,46,0:LIVING,Invasive Breast Carcinoma,Female,147,-0.213291837,11,20,0.074829932,0.136054422
TCGA-E9-A1NF,42,1:DECEASED,Invasive Breast Carcinoma,Female,656,0.093431707,266,156,0.405487805,0.237804878
TCGA-E9-A1NG,14,1:DECEASED,Invasive Breast Carcinoma,Female,110,-0.091543636,7,36,0.063636364,0.327272727
TCGA-E9-A1NH,23,0:LIVING,Invasive Breast Carcinoma,Female,73,-0.032408219,15,15,0.205479452,0.205479452
TCGA-E9-A1NI,28,0:LIVING,Invasive Breast Carcinoma,Female,238,-0.174813025,55,77,0.231092437,0.323529412
TCGA-E9-A1QZ,17,0:LIVING,Invasive Breast Carcinoma,Female,101,-0.09989604,31,17,0.306930693,0.168316832
TCGA-E9-A1R0,22,0:LIVING,Invasive Breast Carcinoma,Female,81,-0.148820988,7,25,0.086419753,0.308641975
TCGA-E9-A1R2,48,0:LIVING,Invasive Breast Carcinoma,Female,142,-0.010288732,41,43,0.288732394,0.302816901
TCGA-E9-A1R3,22,0:LIVING,Invasive Breast Carcinoma,Female,107,-0.123968224,25,38,0.23364486,0.355140187
TCGA-E9-A1R4,98,0:LIVING,Invasive Breast Carcinoma,Female,264,-0.030437879,68,70,0.257575758,0.265151515
TCGA-E9-A1R5,38,0:LIVING,Invasive Breast Carcinoma,Female,191,-0.005694241,94,48,0.492146597,0.251308901
TCGA-E9-A1R6,23,0:LIVING,Invasive Breast Carcinoma,Female,234,0.151503419,148,51,0.632478632,0.217948718
TCGA-E9-A1R7,36,0:LIVING,Invasive Breast Carcinoma,Female,420,0.192196667,198,76,0.471428571,0.180952381
TCGA-E9-A1RA,14,0:LIVING,Invasive Breast Carcinoma,Female,88,-0.128969318,11,11,0.125,0.125
TCGA-E9-A1RB,25,1:DECEASED,Invasive Breast Carcinoma,Female,318,-0.02067044,120,101,0.377358491,0.317610063
TCGA-E9-A1RC,38,0:LIVING,Invasive Breast Carcinoma,Female,375,-0.117024,99,95,0.264,0.253333333
TCGA-E9-A1RD,18,0:LIVING,Invasive Breast Carcinoma,Female,53,-0.338041509,8,20,0.150943396,0.377358491
TCGA-E9-A1RE,41,0:LIVING,Invasive Breast Carcinoma,Female,473,-0.103143552,124,178,0.262156448,0.376321353
TCGA-E9-A1RF,116,0:LIVING,Invasive Breast Carcinoma,Female,599,0.271309015,289,123,0.482470785,0.205342237
TCGA-E9-A1RG,31,0:LIVING,Invasive Breast Carcinoma,Female,431,0.013706265,129,147,0.299303944,0.341067285
TCGA-E9-A1RH,71,0:LIVING,Invasive Breast Carcinoma,Female,553,0.137163834,252,117,0.455696203,0.211573237
TCGA-E9-A1RI,9,0:LIVING,Invasive Breast Carcinoma,Female,197,-0.04453401,31,36,0.157360406,0.182741117
TCGA-E9-A226,45,1:DECEASED,Invasive Breast Carcinoma,Female,425,0.190177647,164,79,0.385882353,0.185882353
TCGA-E9-A227,14,0:LIVING,Invasive Breast Carcinoma,Female,68,-0.349635294,6,23,0.088235294,0.338235294
TCGA-E9-A228,35,0:LIVING,Invasive Breast Carcinoma,Female,443,0.346602935,153,75,0.34537246,0.169300226
TCGA-E9-A229,17,0:LIVING,Invasive Breast Carcinoma,Female,227,-0.114377974,29,82,0.127753304,0.36123348
TCGA-E9-A22A,23,0:LIVING,Invasive Breast Carcinoma,Female,239,0.237379498,103,68,0.430962343,0.284518828
TCGA-E9-A22B,50,0:LIVING,Invasive Breast Carcinoma,Female,197,-0.012956345,47,61,0.23857868,0.30964467
TCGA-E9-A22D,18,0:LIVING,Invasive Breast Carcinoma,Female,791,0.235223009,355,94,0.448798989,0.118836915
TCGA-E9-A22E,95,0:LIVING,Invasive Breast Carcinoma,Female,437,0.02373913,143,97,0.327231121,0.221967963
TCGA-E9-A22G,73,0:LIVING,Invasive Breast Carcinoma,Female,496,0.037442742,268,162,0.540322581,0.326612903
TCGA-E9-A22H,21,0:LIVING,Invasive Breast Carcinoma,Female,135,-0.212154074,14,36,0.103703704,0.266666667
TCGA-E9-A243,57,0:LIVING,Invasive Breast Carcinoma,Female,238,-0.008689916,48,19,0.201680672,0.079831933
TCGA-E9-A244,74,0:LIVING,Invasive Breast Carcinoma,Female,635,0.019859685,245,117,0.385826772,0.184251969
TCGA-E9-A245,15,1:DECEASED,Invasive Breast Carcinoma,Female,62,-0.184995161,6,14,0.096774194,0.225806452
TCGA-E9-A247,30,0:LIVING,Invasive Breast Carcinoma,Female,294,0.025554422,151,97,0.513605442,0.329931973
TCGA-E9-A248,19,0:LIVING,Invasive Breast Carcinoma,Female,443,0.464325959,236,58,0.532731377,0.130925508
TCGA-E9-A249,0,0:LIVING,Invasive Breast Carcinoma,Female,101,-0.093135644,31,33,0.306930693,0.326732673
TCGA-E9-A24A,22,0:LIVING,Invasive Breast Carcinoma,Female,69,-0.039362319,14,11,0.202898551,0.15942029
TCGA-E9-A295,70,0:LIVING,Invasive Breast Carcinoma,Female,184,0.020951087,59,50,0.320652174,0.27173913
TCGA-E9-A2JS,46,1:DECEASED,Invasive Breast Carcinoma,Female,286,0.078304895,127,83,0.444055944,0.29020979
TCGA-E9-A2JT,16,0:LIVING,Invasive Breast Carcinoma,Female,59,-0.106723729,5,7,0.084745763,0.118644068
TCGA-E9-A3HO,0,0:LIVING,Invasive Breast Carcinoma,Female,288,-0.132843403,73,83,0.253472222,0.288194444
TCGA-E9-A3Q9,0,0:LIVING,Invasive Breast Carcinoma,Female,70,-0.205178571,10,14,0.142857143,0.2
TCGA-E9-A3QA,0,0:LIVING,Invasive Breast Carcinoma,Female,252,-0.127772619,41,42,0.162698413,0.166666667
TCGA-E9-A3X8,22,0:LIVING,Invasive Breast Carcinoma,Female,57,-0.304731579,4,16,0.070175439,0.280701754
TCGA-E9-A54X,0,0:LIVING,Invasive Breast Carcinoma,Female,188,-0.222512234,31,40,0.164893617,0.212765957
TCGA-E9-A54Y,28,0:LIVING,Invasive Breast Carcinoma,Female,342,0.18125,150,83,0.438596491,0.242690058
TCGA-E9-A5FK,20,0:LIVING,Invasive Breast Carcinoma,Female,125,-0.313452,5,30,0.04,0.24
TCGA-E9-A5FL,77,0:LIVING,Invasive Breast Carcinoma,Female,286,0.076250699,88,66,0.307692308,0.230769231
TCGA-E9-A5UO,20,0:LIVING,Invasive Breast Carcinoma,Female,552,0.005262862,117,111,0.211956522,0.201086957
TCGA-E9-A5UP,0,0:LIVING,Invasive Breast Carcinoma,Female,125,-0.1461456,52,44,0.416,0.352
TCGA-E9-A6HE,20,0:LIVING,Invasive Breast Carcinoma,Female,133,-0.386660902,9,58,0.067669173,0.436090226
TCGA-EW-A1IW,62,0:LIVING,Invasive Breast Carcinoma,Female,177,0.020302825,36,57,0.203389831,0.322033898
TCGA-EW-A1IX,25,0:LIVING,Invasive Breast Carcinoma,Female,116,-0.117615517,13,36,0.112068966,0.310344828
TCGA-EW-A1IY,18,0:LIVING,Invasive Breast Carcinoma,Female,96,-0.316115625,10,30,0.104166667,0.3125
TCGA-EW-A1IZ,325,0:LIVING,Invasive Breast Carcinoma,Female,107,-0.157986916,19,23,0.177570093,0.214953271
TCGA-EW-A1J1,14,0:LIVING,Invasive Breast Carcinoma,Female,152,-0.035022368,46,44,0.302631579,0.289473684
TCGA-EW-A1J2,25,0:LIVING,Invasive Breast Carcinoma,Female,97,-0.328597938,8,33,0.082474227,0.340206186
TCGA-EW-A1J3,18,0:LIVING,Invasive Breast Carcinoma,Female,149,0.266848322,76,28,0.510067114,0.187919463
TCGA-EW-A1J5,327,0:LIVING,Invasive Breast Carcinoma,Female,203,-0.094855172,42,41,0.206896552,0.201970443
TCGA-EW-A1J6,30,0:LIVING,Invasive Breast Carcinoma,Female,359,0.062004178,220,119,0.61281337,0.331476323
TCGA-EW-A1OV,81,0:LIVING,Invasive Breast Carcinoma,Female,158,-0.059243671,52,57,0.329113924,0.360759494
TCGA-EW-A1OW,0,0:LIVING,Invasive Breast Carcinoma,Female,275,-0.212558182,96,106,0.349090909,0.385454545
TCGA-EW-A1OX,8,0:LIVING,Invasive Breast Carcinoma,Female,353,0.044081586,86,49,0.243626062,0.138810198
TCGA-EW-A1OY,49,0:LIVING,Invasive Breast Carcinoma,Female,421,0.028095249,183,123,0.434679335,0.29216152
TCGA-EW-A1OZ,46,0:LIVING,Invasive Breast Carcinoma,Female,863,-0.026104056,366,269,0.42410197,0.31170336
TCGA-EW-A1P0,15,0:LIVING,Invasive Breast Carcinoma,Female,159,0.019192453,56,42,0.352201258,0.264150943
TCGA-EW-A1P1,1,0:LIVING,Invasive Breast Carcinoma,Female,87,-0.130325287,1,12,0.011494253,0.137931034
TCGA-EW-A1P3,18,0:LIVING,Invasive Breast Carcinoma,Female,147,-0.209697279,29,40,0.197278912,0.272108844
TCGA-EW-A1P4,56,0:LIVING,Invasive Breast Carcinoma,Female,637,0.032140816,233,154,0.36577708,0.241758242
TCGA-EW-A1P5,14,0:LIVING,Invasive Breast Carcinoma,Female,117,-0.119331624,30,40,0.256410256,0.341880342
TCGA-EW-A1P6,18,0:LIVING,Invasive Breast Carcinoma,Female,150,-0.087974,18,24,0.12,0.16
TCGA-EW-A1P7,12,0:LIVING,Invasive Breast Carcinoma,Female,146,-0.156828082,8,22,0.054794521,0.150684932
TCGA-EW-A1P8,25,1:DECEASED,Invasive Breast Carcinoma,Female,278,0.129917986,168,102,0.604316547,0.366906475
TCGA-EW-A1PA,27,0:LIVING,Invasive Breast Carcinoma,Female,322,0.358860248,163,59,0.50621118,0.183229814
TCGA-EW-A1PB,118,0:LIVING,Invasive Breast Carcinoma,Female,405,-0.08020642,141,76,0.348148148,0.187654321
TCGA-EW-A1PC,0,0:LIVING,Invasive Breast Carcinoma,Female,565,-0.037651681,183,188,0.323893805,0.332743363
TCGA-EW-A1PD,63,0:LIVING,Invasive Breast Carcinoma,Male,183,-0.059130601,42,49,0.229508197,0.267759563
TCGA-EW-A1PE,23,0:LIVING,Invasive Breast Carcinoma,Female,74,-0.15975,7,22,0.094594595,0.297297297
TCGA-EW-A1PF,0,0:LIVING,Invasive Breast Carcinoma,Female,136,-0.146376471,24,45,0.176470588,0.330882353
TCGA-EW-A1PG,8,0:LIVING,Invasive Breast Carcinoma,Female,60,-0.121335,3,7,0.05,0.116666667
TCGA-EW-A1PH,39,0:LIVING,Invasive Breast Carcinoma,Female,455,0.150916484,207,99,0.454945055,0.217582418
TCGA-EW-A2FR,0,0:LIVING,Invasive Breast Carcinoma,Female,309,0.147769256,101,42,0.326860841,0.13592233
TCGA-EW-A2FS,24,0:LIVING,Invasive Breast Carcinoma,Female,295,0.192901017,131,53,0.444067797,0.179661017
TCGA-EW-A2FV,430,0:LIVING,Invasive Breast Carcinoma,Female,342,0.147790643,103,38,0.301169591,0.111111111
TCGA-EW-A2FW,19,0:LIVING,Invasive Breast Carcinoma,Female,426,0.509562911,196,75,0.460093897,0.176056338
TCGA-EW-A3E8,0,0:LIVING,Invasive Breast Carcinoma,Female,176,-0.225974432,9,58,0.051136364,0.329545455
TCGA-EW-A3U0,0,0:LIVING,Invasive Breast Carcinoma,Female,948,0.081259388,411,174,0.433544304,0.183544304
TCGA-EW-A423,0,0:LIVING,Invasive Breast Carcinoma,Female,256,0.049905078,120,80,0.46875,0.3125
TCGA-EW-A424,0,0:LIVING,Invasive Breast Carcinoma,Female,227,-0.174081057,12,61,0.052863436,0.268722467
TCGA-EW-A6S9,12,0:LIVING,Invasive Breast Carcinoma,Female,377,0.073411141,92,108,0.24403183,0.286472149
TCGA-EW-A6SA,56,0:LIVING,Invasive Breast Carcinoma,Male,427,-0.098857845,148,147,0.346604215,0.344262295
TCGA-EW-A6SB,48,0:LIVING,Invasive Breast Carcinoma,Female,229,-0.102979913,56,45,0.244541485,0.19650655
TCGA-EW-A6SC,18,0:LIVING,Invasive Breast Carcinoma,Female,177,0.052946893,66,48,0.372881356,0.271186441
TCGA-EW-A6SD,37,0:LIVING,Invasive Breast Carcinoma,Female,517,0.212564023,256,119,0.49516441,0.230174081
TCGA-GI-A2C8,89,0:LIVING,Invasive Breast Carcinoma,Female,632,0.209022785,281,145,0.444620253,0.22943038
TCGA-GI-A2C9,0,0:LIVING,Invasive Breast Carcinoma,Female,714,-0.04037591,227,201,0.317927171,0.281512605
TCGA-GM-A2D9,369,1:DECEASED,Invasive Breast Carcinoma,Female,160,0.017426875,43,33,0.26875,0.20625
TCGA-GM-A2DA,21,1:DECEASED,Invasive Breast Carcinoma,Female,152,0.088627632,49,40,0.322368421,0.263157895
TCGA-GM-A2DB,113,0:LIVING,Invasive Breast Carcinoma,Female,383,0.063087206,109,48,0.2845953,0.125326371
TCGA-GM-A2DC,12,0:LIVING,Invasive Breast Carcinoma,Female,271,-0.097099631,93,85,0.343173432,0.313653137
TCGA-GM-A2DD,43,0:LIVING,Invasive Breast Carcinoma,Female,793,0.05939773,196,52,0.247162673,0.06557377
TCGA-GM-A2DF,34,0:LIVING,Invasive Breast Carcinoma,Female,441,0.060051474,167,74,0.378684807,0.167800454
TCGA-GM-A2DH,152,0:LIVING,Invasive Breast Carcinoma,Female,364,0.128168681,123,61,0.337912088,0.167582418
TCGA-GM-A2DI,49,0:LIVING,Invasive Breast Carcinoma,Female,126,-0.06541746,14,15,0.111111111,0.119047619
TCGA-GM-A2DK,16,0:LIVING,Invasive Breast Carcinoma,Female,228,0.178545614,93,48,0.407894737,0.210526316
TCGA-GM-A2DL,37,0:LIVING,Invasive Breast Carcinoma,Female,252,-0.041616667,66,81,0.261904762,0.321428571
TCGA-GM-A2DM,19,0:LIVING,Invasive Breast Carcinoma,Female,53,-0.344418868,1,14,0.018867925,0.264150943
TCGA-GM-A2DN,20,0:LIVING,Invasive Breast Carcinoma,Female,43,-0.277802326,5,8,0.11627907,0.186046512
TCGA-GM-A2DO,114,0:LIVING,Invasive Breast Carcinoma,Female,109,-0.023220183,23,16,0.211009174,0.146788991
TCGA-GM-A3NW,46,0:LIVING,Invasive Breast Carcinoma,Female,220,0.138133636,60,47,0.272727273,0.213636364
TCGA-GM-A3NY,0,0:LIVING,Invasive Breast Carcinoma,Female,99,-0.322146465,6,35,0.060606061,0.353535354
TCGA-GM-A3XG,5,0:LIVING,Invasive Breast Carcinoma,Female,45,-0.189102222,0,7,0,0.155555556
TCGA-GM-A3XL,87,0:LIVING,Invasive Breast Carcinoma,Female,542,-0.133538561,158,159,0.291512915,0.293357934
TCGA-GM-A3XN,0,0:LIVING,Invasive Breast Carcinoma,Female,53,-0.293692453,7,16,0.132075472,0.301886792
TCGA-GM-A4E0,0,0:LIVING,Invasive Breast Carcinoma,Female,65,-0.206353846,5,11,0.076923077,0.169230769
TCGA-GM-A5PV,19,0:LIVING,Invasive Breast Carcinoma,Female,66,-0.094651515,3,9,0.045454545,0.136363636
TCGA-GM-A5PX,22,0:LIVING,Invasive Breast Carcinoma,Female,63,-0.161630159,7,17,0.111111111,0.26984127
TCGA-HN-A2NL,65,0:LIVING,Invasive Breast Carcinoma,Female,288,-0.142963194,141,128,0.489583333,0.444444444
TCGA-HN-A2OB,12,1:DECEASED,Invasive Breast Carcinoma,Female,89,-0.189914607,17,19,0.191011236,0.213483146
TCGA-JL-A3YW,0,0:LIVING,Invasive Breast Carcinoma,Female,403,0.05863201,135,35,0.334987593,0.086848635
TCGA-JL-A3YX,0,0:LIVING,Invasive Breast Carcinoma,Female,122,-0.30165082,16,41,0.131147541,0.336065574
TCGA-LD-A66U,20,0:LIVING,Invasive Breast Carcinoma,Female,75,-0.199376,13,28,0.173333333,0.373333333
TCGA-LD-A74U,160,0:LIVING,Invasive Breast Carcinoma,Female,76,-0.032152632,11,17,0.144736842,0.223684211
TCGA-LD-A7W5,29,0:LIVING,Invasive Breast Carcinoma,Female,439,0.042973576,130,143,0.296127563,0.325740319
TCGA-LD-A7W6,23,0:LIVING,Invasive Breast Carcinoma,Female,110,0.167483636,45,18,0.409090909,0.163636364
TCGA-LD-A9QF,9,0:LIVING,Invasive Breast Carcinoma,Female,183,0.081765027,62,20,0.338797814,0.109289617
TCGA-LL-A440,0,0:LIVING,Invasive Breast Carcinoma,Female,162,-0.040854321,29,13,0.179012346,0.080246914
TCGA-LL-A441,0,0:LIVING,Invasive Breast Carcinoma,Female,411,-0.034558637,75,70,0.182481752,0.170316302
TCGA-LL-A442,0,0:LIVING,Invasive Breast Carcinoma,Female,49,-0.361018367,1,11,0.020408163,0.224489796
TCGA-LL-A50Y,25,0:LIVING,Invasive Breast Carcinoma,Female,79,-0.435621519,7,20,0.088607595,0.253164557
TCGA-LL-A5YL,49,0:LIVING,Invasive Breast Carcinoma,Female,73,-0.330382192,8,27,0.109589041,0.369863014
TCGA-LL-A5YM,16,0:LIVING,Invasive Breast Carcinoma,Female,327,0.025917737,127,80,0.388379205,0.244648318
TCGA-LL-A5YN,21,0:LIVING,Invasive Breast Carcinoma,Female,288,-0.184107639,48,79,0.166666667,0.274305556
TCGA-LL-A5YO,36,0:LIVING,Invasive Breast Carcinoma,Female,215,-0.154883721,32,26,0.148837209,0.120930233
TCGA-LL-A5YP,58,0:LIVING,Invasive Breast Carcinoma,Female,512,0.000568555,209,148,0.408203125,0.2890625
TCGA-LL-A6FP,47,0:LIVING,Invasive Breast Carcinoma,Female,164,-0.446088415,32,66,0.195121951,0.402439024
TCGA-LL-A6FQ,33,0:LIVING,Invasive Breast Carcinoma,Female,312,-0.073783654,130,88,0.416666667,0.282051282
TCGA-LL-A6FR,28,0:LIVING,Invasive Breast Carcinoma,Female,492,-0.039802846,178,164,0.361788618,0.333333333
TCGA-LL-A73Y,95,0:LIVING,Invasive Breast Carcinoma,Female,277,-0.186841877,85,77,0.306859206,0.277978339
TCGA-LL-A73Z,29,1:DECEASED,Invasive Breast Carcinoma,Female,312,0.064794231,80,33,0.256410256,0.105769231
TCGA-LL-A740,39,0:LIVING,Invasive Breast Carcinoma,Female,244,-0.062818033,89,59,0.364754098,0.241803279
TCGA-LL-A7SZ,36,0:LIVING,Invasive Breast Carcinoma,Female,520,0.225437885,222,117,0.426923077,0.225
TCGA-LL-A7T0,33,0:LIVING,Invasive Breast Carcinoma,Female,315,-0.066067302,123,74,0.39047619,0.234920635
TCGA-LL-A8F5,120,0:LIVING,Invasive Breast Carcinoma,Female,700,-0.016536714,294,218,0.42,0.311428571
TCGA-LL-A9Q3,36,0:LIVING,Invasive Breast Carcinoma,Female,194,0.020342784,79,35,0.407216495,0.180412371
TCGA-LQ-A4E4,0,0:LIVING,Invasive Breast Carcinoma,Female,327,-0.009029052,43,53,0.131498471,0.162079511
TCGA-MS-A51U,0,0:LIVING,Invasive Breast Carcinoma,Female,150,-0.201984667,27,52,0.18,0.346666667
TCGA-OK-A5Q2,24,0:LIVING,Invasive Breast Carcinoma,Female,177,-0.046244633,68,38,0.384180791,0.214689266
TCGA-OL-A5D6,27,1:DECEASED,Invasive Breast Carcinoma,Female,167,-0.258959281,26,55,0.155688623,0.329341317
TCGA-OL-A5D7,42,0:LIVING,Invasive Breast Carcinoma,Female,619,0.138285137,243,133,0.392568659,0.214862682
TCGA-OL-A5D8,22,0:LIVING,Invasive Breast Carcinoma,Female,261,0.324746743,137,47,0.524904215,0.180076628
TCGA-OL-A5DA,52,0:LIVING,Invasive Breast Carcinoma,Female,221,-0.001759729,68,52,0.307692308,0.235294118
TCGA-OL-A5RU,26,0:LIVING,Invasive Breast Carcinoma,Female,75,-0.25354,8,22,0.106666667,0.293333333
TCGA-OL-A5RV,9,0:LIVING,Invasive Breast Carcinoma,Female,91,-0.586384615,8,28,0.087912088,0.307692308
TCGA-OL-A5RW,138,0:LIVING,Invasive Breast Carcinoma,Female,789,0.031407985,411,226,0.520912548,0.28643853
TCGA-OL-A5RX,18,0:LIVING,Invasive Breast Carcinoma,Female,88,-0.319982955,15,27,0.170454545,0.306818182
TCGA-OL-A5RY,10,0:LIVING,Invasive Breast Carcinoma,Female,118,-0.206084746,10,22,0.084745763,0.186440678
TCGA-OL-A5RZ,76,0:LIVING,Invasive Breast Carcinoma,Female,608,0.400830428,314,177,0.516447368,0.291118421
TCGA-OL-A5S0,26,0:LIVING,Invasive Breast Carcinoma,Female,331,-0.096769184,108,132,0.326283988,0.398791541
TCGA-OL-A66H,16,0:LIVING,Invasive Breast Carcinoma,Female,75,-0.4723,5,24,0.066666667,0.32
TCGA-OL-A66I,31,0:LIVING,Invasive Breast Carcinoma,Female,484,-0.050047934,148,142,0.305785124,0.29338843
TCGA-OL-A66J,42,0:LIVING,Invasive Breast Carcinoma,Female,80,-0.08920625,15,25,0.1875,0.3125
TCGA-OL-A66K,21,1:DECEASED,Invasive Breast Carcinoma,Female,128,-0.115484375,35,26,0.2734375,0.203125
TCGA-OL-A66L,50,0:LIVING,Invasive Breast Carcinoma,Female,120,-0.410455833,10,54,0.083333333,0.45
TCGA-OL-A66N,29,0:LIVING,Invasive Breast Carcinoma,Female,96,-0.170004167,20,33,0.208333333,0.34375
TCGA-OL-A66O,20,0:LIVING,Invasive Breast Carcinoma,Female,267,-0.123727341,41,60,0.153558052,0.224719101
TCGA-OL-A66P,74,0:LIVING,Invasive Breast Carcinoma,Female,481,-0.125762578,92,93,0.191268191,0.193347193
TCGA-OL-A6VO,18,0:LIVING,Invasive Breast Carcinoma,Female,509,-0.014896857,182,129,0.357563851,0.253438114
TCGA-OL-A6VQ,42,0:LIVING,Invasive Breast Carcinoma,Female,78,-0.213665385,9,24,0.115384615,0.307692308
TCGA-OL-A6VR,7,0:LIVING,Invasive Breast Carcinoma,Female,159,-0.042085535,34,33,0.213836478,0.20754717
TCGA-OL-A97C,55,0:LIVING,Invasive Breast Carcinoma,Female,137,-0.238861314,45,40,0.328467153,0.291970803
TCGA-PE-A5DC,81,1:DECEASED,Invasive Breast Carcinoma,Female,295,-0.202392881,80,103,0.271186441,0.349152542
TCGA-PE-A5DD,41,0:LIVING,Invasive Breast Carcinoma,Female,145,-0.302537931,21,50,0.144827586,0.344827586
TCGA-PE-A5DE,320,0:LIVING,Invasive Breast Carcinoma,Female,94,-0.382521277,30,41,0.319148936,0.436170213
TCGA-PL-A8LV,82,0:LIVING,Invasive Breast Carcinoma,Female,249,-0.176502811,84,112,0.337349398,0.449799197
TCGA-PL-A8LX,25,0:LIVING,Invasive Breast Carcinoma,Female,163,-0.199580982,37,50,0.226993865,0.306748466
TCGA-PL-A8LY,1,0:LIVING,Invasive Breast Carcinoma,Female,123,-0.573476423,2,48,0.016260163,0.390243902
TCGA-PL-A8LZ,71,0:LIVING,Invasive Breast Carcinoma,Female,341,-0.182376246,98,88,0.287390029,0.258064516
TCGA-S3-A6ZF,21,0:LIVING,Invasive Breast Carcinoma,Female,262,0.017514504,121,83,0.461832061,0.316793893
TCGA-S3-A6ZG,31,0:LIVING,Invasive Breast Carcinoma,Female,115,0.00763913,37,29,0.32173913,0.252173913
TCGA-S3-A6ZH,24,0:LIVING,Invasive Breast Carcinoma,Female,435,-0.034193793,117,104,0.268965517,0.23908046
TCGA-S3-AA0Z,44,0:LIVING,Invasive Breast Carcinoma,Female,384,-0.239972135,161,111,0.419270833,0.2890625
TCGA-S3-AA10,100,0:LIVING,Invasive Breast Carcinoma,Female,423,-0.099201655,112,145,0.264775414,0.342789598
TCGA-S3-AA11,55,0:LIVING,Invasive Breast Carcinoma,Female,107,-0.368559813,6,35,0.056074766,0.327102804
TCGA-S3-AA12,28,0:LIVING,Invasive Breast Carcinoma,Female,167,0.274252695,62,43,0.371257485,0.25748503
TCGA-S3-AA14,11,0:LIVING,Invasive Breast Carcinoma,Female,387,-0.081690698,38,106,0.098191214,0.273901809
TCGA-S3-AA15,20,0:LIVING,Invasive Breast Carcinoma,Female,138,-0.200968841,3,22,0.02173913,0.15942029
TCGA-S3-AA17,82,0:LIVING,Invasive Breast Carcinoma,Female,180,-0.085485,50,54,0.277777778,0.3
TCGA-UL-AAZ6,67,0:LIVING,Invasive Breast Carcinoma,Female,739,0.106084844,373,187,0.50473613,0.253044655
TCGA-UU-A93S,109,1:DECEASED,Invasive Breast Carcinoma,Female,814,0.018186364,332,190,0.407862408,0.233415233
TCGA-V7-A7HQ,17,0:LIVING,Invasive Breast Carcinoma,Female,149,-0.386572483,13,65,0.087248322,0.436241611
TCGA-W8-A86G,12,0:LIVING,Invasive Breast Carcinoma,Female,111,-0.255748649,11,36,0.099099099,0.324324324
TCGA-WT-AB41,34,0:LIVING,Invasive Breast Carcinoma,Female,251,-0.093858167,68,99,0.270916335,0.394422311
TCGA-WT-AB44,25,0:LIVING,Invasive Breast Carcinoma,Female,190,-0.067702632,39,34,0.205263158,0.178947368
TCGA-XX-A899,25,0:LIVING,Invasive Breast Carcinoma,Female,128,0.422985156,52,15,0.40625,0.1171875
TCGA-XX-A89A,133,0:LIVING,Invasive Breast Carcinoma,Female,146,0.176714384,35,43,0.239726027,0.294520548
TCGA-Z7-A8R5,17,0:LIVING,Invasive Breast Carcinoma,Female,62,-0.162903226,7,11,0.112903226,0.177419355
TCGA-Z7-A8R6,50,0:LIVING,Invasive Breast Carcinoma,Female,372,-0.069504839,124,77,0.333333333,0.206989247
